Id,Name,Age,Height,Current City,Description,Employer,Religion,Home Country,Nationality,Education,Ethnicity,Occupation,Url,Image-1,Image-2,Image-3,Image-4
6092846,Private until connected,30 (Sagittarius),"5'6""","Manhattan, NY","I am pretty laid-back, sometimes shy, always hungry
I look Korean
I like beer, doughnuts, and puppies
I appreciate when my date can make me laugh",N/A,Christian,United States,N/A,"['American University/JD', 'UCLA/Bachelors']",Asian,Attorney,https://coffeemeetsbagel.com/bagels/matched/6092846,C:\Dropbox\projects-python\automated-testing\images\6092846-1.jpg,,,
6049617,Private until connected,26 (Scorpio),"5'4""","Manhattan, NY","I am fiercely devoted to friends and family, a social introvert, always looking for new places to checkout in the city
I look friendly and approachable, the same as my pictures, the same as my baby pictures
I like discovering hidden spots and trying new places, traveling , reading and going to watch musicals/movies/etc
I appreciate when my date takes the initiative, is an all-around gentleman , reads",N/A,Christian,United States,Korean,"['NYU/Bachelors', 'Winston Churchill High/High school']",Asian,Broadcast News Producer,https://coffeemeetsbagel.com/bagels/matched/6049617,C:\Dropbox\projects-python\automated-testing\images\6049617-1.jpg,C:\Dropbox\projects-python\automated-testing\images\6049617-2.jpg,C:\Dropbox\projects-python\automated-testing\images\6049617-3.jpg,C:\Dropbox\projects-python\automated-testing\images\6049617-4.jpg
6006556,Private until connected,26 (Cancer),"5'4""","Brooklyn, NY","I am a Yankees fan, blunt, a strong believer in ""work hard, party harder""
I look younger than I am
I like my steak medium rare, sports bars that serve picklebacks, learning something new everyday
I appreciate when my date has a sense of humor, makes it his business to know what's going on in the world, can (at least try) to sit through 9 innings",E-commerce,Christian,United States,N/A,"[""St. John's University/Bachelors""]",Asian,"Manager, Engagement Marketing",https://coffeemeetsbagel.com/bagels/matched/6006556,C:\Dropbox\projects-python\automated-testing\images\6006556-1.jpg,C:\Dropbox\projects-python\automated-testing\images\6006556-2.jpg,C:\Dropbox\projects-python\automated-testing\images\6006556-3.jpg,
5963667,Private until connected,29 (Sagittarius),"5'2""","Manhattan, NY","I am I am friendly, reliable, and ambitious
I look ., ., .
I like taking care of family and friends, traveling, and outdoor activities.
I appreciate when my date Tries something new with me, is compassionate, and considerate.",Luxury retailer,Spiritual but not religious,United States,N/A,"['NYU Stern/MBA', 'CCNY/Bachelors']",Asian,PM,https://coffeemeetsbagel.com/bagels/matched/5963667,C:\Dropbox\projects-python\automated-testing\images\5963667-1.jpg,C:\Dropbox\projects-python\automated-testing\images\5963667-2.jpg,C:\Dropbox\projects-python\automated-testing\images\5963667-3.jpg,C:\Dropbox\projects-python\automated-testing\images\5963667-4.jpg
5920503,Private until connected,27 (Taurus),"5'5""","Manhattan, NY","I am fun-loving, engaging, thoughtful
I look carefree, energetic, athletic
I like biking along the manhattan perimeter, planning events with friends, exploring new restaurants and bars, analyzing amc/hbo shows
I appreciate when my date is adventurous, teaches me something new, loves dogs (of all sizes)",NBCUniversal,Spiritual but not religious,United States,Taiwanese,['New York University Stern School of Business/Bachelors'],Asian,Strategy,https://coffeemeetsbagel.com/bagels/matched/5920503,C:\Dropbox\projects-python\automated-testing\images\5920503-1.jpg,C:\Dropbox\projects-python\automated-testing\images\5920503-2.jpg,C:\Dropbox\projects-python\automated-testing\images\5920503-3.jpg,C:\Dropbox\projects-python\automated-testing\images\5920503-4.jpg
5851224,Private until connected,29 (Capricorn),"5'1""","Palisades Park, NJ","I am shy at first, friendly
I look asian, petite, young for my age
I like movies, candy crush, romantic comedies, games, walking, hiking, traveling, eating
I appreciate when my date tries something new, keeps it honest",Pharmaceutical company,Spiritual but not religious,United States,Korean,['Montclair State University/Bachelors'],Asian,Regulatory,https://coffeemeetsbagel.com/bagels/matched/5851224,C:\Dropbox\projects-python\automated-testing\images\5851224-1.jpg,C:\Dropbox\projects-python\automated-testing\images\5851224-2.jpg,C:\Dropbox\projects-python\automated-testing\images\5851224-3.jpg,C:\Dropbox\projects-python\automated-testing\images\5851224-4.jpg
5832987,Private until connected,28 (Gemini),"5'4""","Manhattan, NY","I am Sassy
I like Fashion, witty banter, reality tv, the NBA, yoga, celebrity gossip
I appreciate when my date Is a gentleman",Columbia Business School,Neither religious nor spiritual,,N/A,"['University of Southern California/Bachelors', 'Canyon High/High school']",Asian,MBA student,https://coffeemeetsbagel.com/bagels/matched/5832987,C:\Dropbox\projects-python\automated-testing\images\5832987-1.jpg,C:\Dropbox\projects-python\automated-testing\images\5832987-2.jpg,C:\Dropbox\projects-python\automated-testing\images\5832987-3.jpg,C:\Dropbox\projects-python\automated-testing\images\5832987-4.jpg
5788628,Private until connected,28 (Scorpio),"5'4""","Manhattan, NY","I am loyal, funny, laid back (from the west coast :) )
I like staying active (golf, kickboxing, basketball, badminton), music (going to shows), art and museums, sushi (can eat salmon everyday)
I appreciate when my date and I can jog, ride bikes, or play sports together, is funny and cracks up jokes, is thoughtful",N/A,Spiritual but not religious,,N/A,['Oregon State University/Bachelors'],Asian,"Fashion, Product Development",https://coffeemeetsbagel.com/bagels/matched/5788628,C:\Dropbox\projects-python\automated-testing\images\5788628-1.jpg,C:\Dropbox\projects-python\automated-testing\images\5788628-2.jpg,C:\Dropbox\projects-python\automated-testing\images\5788628-3.jpg,C:\Dropbox\projects-python\automated-testing\images\5788628-4.jpg
5745106,Private until connected,26 (Scorpio),"5'0""","Manhattan, NY","I am extroverted and quick to laugh, passionate about exploring foreign countries, enjoys both mental and physical challenges
I look petite but athletic, classy and sophisticated, sexy in heels
I like lazy Sunday afternoon brunches with friends, discovering little hidden gems in the city, trying something I've never tried before
I appreciate when my date can hold an intelligent conversation, has a sense of humor and appreciates sarcasm, acts like a gentleman",Asset Management,Spiritual but not religious,United States,Chinese,"['New York University/Bachelors', 'West High School/High school']",Asian,Associate,https://coffeemeetsbagel.com/bagels/matched/5745106,C:\Dropbox\projects-python\automated-testing\images\5745106-1.jpg,C:\Dropbox\projects-python\automated-testing\images\5745106-2.jpg,C:\Dropbox\projects-python\automated-testing\images\5745106-3.jpg,C:\Dropbox\projects-python\automated-testing\images\5745106-4.jpg
5699999,Private until connected,25 (Aries),"5'3""","Manhattan, NY","I am conservative, friendly
I look happy
I like to appreciate art & beauty, eat yummy food, take long walks around the city
I appreciate when my date is genuine, funny, takes the initiative",N/A,Christian,United States,N/A,['Parsons The New School for Design/Bachelors'],Asian,Web Designer,https://coffeemeetsbagel.com/bagels/matched/5699999,C:\Dropbox\projects-python\automated-testing\images\5699999-1.jpg,C:\Dropbox\projects-python\automated-testing\images\5699999-2.jpg,C:\Dropbox\projects-python\automated-testing\images\5699999-3.jpg,C:\Dropbox\projects-python\automated-testing\images\5699999-4.jpg
5659010,Private until connected,26 (Libra),"5'4""","Fort Lee, NJ","I am very personable and silly. , All about humor but know when a situation calls for something more deep and true, Not what most people think at first.
I look Approachable
I like wine, korean food, italian food, paintings, music of all sorts, meeting new people, finding the truth and good in all things, sci-fi and comedic movies, Ricky Gervais, coffee, politics, religion, history, and learning new things. , Walking in the night by the water, people who think cooking is an art, that life offers me something to laugh and smile about everyday, working with kids, being pushed to do more, people who know how to appreciate the little things,
I appreciate when my date isn't testy , can make me laugh without trying too hard, doesn't put up a facade",N/A,Other,United States,American,['Rutgers \xe2\x80\x93 New Brunswick/Bachelors'],Asian,Business,https://coffeemeetsbagel.com/bagels/matched/5659010,C:\Dropbox\projects-python\automated-testing\images\5659010-1.jpg,C:\Dropbox\projects-python\automated-testing\images\5659010-2.jpg,C:\Dropbox\projects-python\automated-testing\images\5659010-3.jpg,C:\Dropbox\projects-python\automated-testing\images\5659010-4.jpg
5622985,Private until connected,29 (Cancer),"5'4""","Manhattan, NY","I am quirky, incredibly loyal to those I love, excited to try new things and adventures
I look like I'm having a good time, taller than I actually am
I like going out to try new restaurants, hanging out with friends and playing board games, traveling around the world and discovering new places
I appreciate when my date is confident and humble, chilvalrous, has a sense of humor and a serious side, and can take care of the occasional spider :)",-,Christian,United States,-,"['Albert Einstein College of Medicine/MD', 'University of Southern California/Bachelors']",Asian,Medicine,https://coffeemeetsbagel.com/bagels/matched/5622985,C:\Dropbox\projects-python\automated-testing\images\5622985-1.jpg,C:\Dropbox\projects-python\automated-testing\images\5622985-2.jpg,C:\Dropbox\projects-python\automated-testing\images\5622985-3.jpg,C:\Dropbox\projects-python\automated-testing\images\5622985-4.jpg
5586772,Private until connected,25 (Scorpio),"5'2""","Manhattan, NY","I am not an ambi-turner
I like puppies, guacamole, and biking/spinning
I appreciate when my date has a dry sense of humor , likes to dance",Asset management firm,Neither religious nor spiritual,,N/A,['Duke University/Bachelors'],Asian,Analyst,https://coffeemeetsbagel.com/bagels/matched/5586772,C:\Dropbox\projects-python\automated-testing\images\5586772-1.jpg,,,
5550425,Private until connected,27 (Virgo),"5'2""","Manhattan, NY","I am a social introvert, an old soul, sometimes indecisive
I like walking everywhere, Pinot noir, sweet & salty combinations
I appreciate when my date is straightforward, can laugh at himself, is better with kids than I am",N/A,Christian,,N/A,"['Barnard College/Bachelors', 'Stuyvesant High School/High school']",Asian,Financial Services,https://coffeemeetsbagel.com/bagels/matched/5550425,C:\Dropbox\projects-python\automated-testing\images\5550425-1.jpg,C:\Dropbox\projects-python\automated-testing\images\5550425-2.jpg,C:\Dropbox\projects-python\automated-testing\images\5550425-3.jpg,C:\Dropbox\projects-python\automated-testing\images\5550425-4.jpg
5514479,Private until connected,29 (Scorpio),"5'5""","Manhattan, NY","I am Sarcastic , Laid back, Enjoys humor
I appreciate when my date Tries something new with me, Is a gentleman",N/A,Spiritual but not religious,,N/A,"['University of Melbourne/Bachelors', ""St Catherine's School/High school""]",Asian,Merchandising,https://coffeemeetsbagel.com/bagels/matched/5514479,C:\Dropbox\projects-python\automated-testing\images\5514479-1.jpg,C:\Dropbox\projects-python\automated-testing\images\5514479-2.jpg,C:\Dropbox\projects-python\automated-testing\images\5514479-3.jpg,
5479265,Private until connected,29 (Aquarius),"5'5""","New York, NY","I am a jill of all trades, easy going, and a total foodie! (and trending carnivore)
I look at the weather before going outside, for the stars when I travel, and taller than I am
I like traveling, outdoorsy things, TED talks, and a good scotch
I appreciate when my date makes the plans, likes to share food, and knows how to dial a phone, not just text",Large conglomerate,Neither religious nor spiritual,United States,N/A,['Pennsylvania State University/Bachelors'],Asian,M&A,https://coffeemeetsbagel.com/bagels/matched/5479265,C:\Dropbox\projects-python\automated-testing\images\5479265-1.jpg,C:\Dropbox\projects-python\automated-testing\images\5479265-2.jpg,C:\Dropbox\projects-python\automated-testing\images\5479265-3.jpg,C:\Dropbox\projects-python\automated-testing\images\5479265-4.jpg
5443987,Private until connected,28 (Cancer),"5'6""","Manhattan, NY","I am caring, an eternal optimist
I look Asian but also sometimes multi-racial
I like reading, playing golf, trying new things to do and eat
I appreciate when my date is open-minded and flexible in trying new things, is true to his words, brings an energy to everything he does",N/A,Spiritual but not religious,United States,Canadian,"['Columbia Business School/MBA', 'Wellesley College/Bachelors']",Asian,Consultant,https://coffeemeetsbagel.com/bagels/matched/5443987,C:\Dropbox\projects-python\automated-testing\images\5443987-1.jpg,C:\Dropbox\projects-python\automated-testing\images\5443987-2.jpg,C:\Dropbox\projects-python\automated-testing\images\5443987-3.jpg,C:\Dropbox\projects-python\automated-testing\images\5443987-4.jpg
5408879,Private until connected,27 (Cancer),"5'6""","Manhattan, NY","I am friendly, well-rounded
I look approachable, athletic
I like traveling, being outdoors, farmers markets, exploring NYC with friends
I appreciate when my date is serious about his faith, takes the initiative",N/A,Christian,United States,Korean,"['New York University School of Law/JD', 'Yale University/Bachelors']",Asian,Law school student,https://coffeemeetsbagel.com/bagels/matched/5408879,C:\Dropbox\projects-python\automated-testing\images\5408879-1.jpg,C:\Dropbox\projects-python\automated-testing\images\5408879-2.jpg,C:\Dropbox\projects-python\automated-testing\images\5408879-3.jpg,C:\Dropbox\projects-python\automated-testing\images\5408879-4.jpg
5373440,Private until connected,26 (Sagittarius),"5'5""","Manhattan, NY","I am laid-back, positive, friendly
I look happy, comfortable, curious
I like running and hiking, good food, trying new things
I appreciate when my date is honest and genuine, has a sense of humor, is ambitious",A nonprofit family foundation,Catholic,United States,N/A,"['UC Berkeley/Bachelors', 'Columbia Mailman School of Public Health/Masters']",Asian,Research management,https://coffeemeetsbagel.com/bagels/matched/5373440,C:\Dropbox\projects-python\automated-testing\images\5373440-1.jpg,C:\Dropbox\projects-python\automated-testing\images\5373440-2.jpg,C:\Dropbox\projects-python\automated-testing\images\5373440-3.jpg,C:\Dropbox\projects-python\automated-testing\images\5373440-4.jpg
5338237,Private until connected,26 (Taurus),"5'4""","Manhattan, NY","I am adorkable, passionate, and funny
I look approachable, friendly , and robust with energy ;)
I like going on exciting adventures, being a foodie all around town, wings, sports and jamesons shots :D
I appreciate when my date is passionate about his ideals, morals, opinions, etc., can tell a corny joke or two, and is genuinely nice to people regardless of their differences",N/A,Neither religious nor spiritual,United States,Chinese,"['John Jay College of Criminal Justice/Masters', 'John Jay College of Criminal Justice/Bachelors']",Asian,Forensic Accountant,https://coffeemeetsbagel.com/bagels/matched/5338237,C:\Dropbox\projects-python\automated-testing\images\5338237-1.jpg,C:\Dropbox\projects-python\automated-testing\images\5338237-2.jpg,C:\Dropbox\projects-python\automated-testing\images\5338237-3.jpg,C:\Dropbox\projects-python\automated-testing\images\5338237-4.jpg
5303272,Private until connected,29 (Taurus),"5'4""","New York, NY","I am open to meeting new people.
I look innocent ;)
I like shellfish :D
I appreciate when my date keeps it honest.",N/A,Neither religious nor spiritual,United States,Taiwanese,['New York University Stern School of Business/Bachelors'],Asian,Finance and Real Estate,https://coffeemeetsbagel.com/bagels/matched/5303272,C:\Dropbox\projects-python\automated-testing\images\5303272-1.jpg,,,
5268076,Private until connected,30 (Pisces),"5'5""","Houston, TX","I am the Asian Liz Lemon
I look more graceful than I actually am
I like food trucks & hole in the wall places , nerd jokes & fried chicken, college football
I appreciate when my date calls instead of text to setup dates , is fun, is a gentleman @ heart",N/A,Christian,United States,USA,['University of Michigan - Ann Arbor/MBA'],Asian,BDM,https://coffeemeetsbagel.com/bagels/matched/5268076,C:\Dropbox\projects-python\automated-testing\images\5268076-1.jpg,C:\Dropbox\projects-python\automated-testing\images\5268076-2.jpg,C:\Dropbox\projects-python\automated-testing\images\5268076-3.jpg,
5233739,Private until connected,26 (Sagittarius),"5'4""","Manhattan, NY","I am caring, can be a dreamer, and silly at times, enjoy the simple things of life, am blessed to have loving family and friends.
I look approachable
I like to bake and try new recipes, visit art museums, and I also enjoy the outdoors such as hiking and biking.
I appreciate when my date can maintain a meaningful conversation, and is thoughtful.",Global Alternative Asset Manager,Spiritual but not religious,United States,N/A,['Pace University /MBA'],Asian,Fund Management (CPA),https://coffeemeetsbagel.com/bagels/matched/5233739,C:\Dropbox\projects-python\automated-testing\images\5233739-1.jpg,C:\Dropbox\projects-python\automated-testing\images\5233739-2.jpg,C:\Dropbox\projects-python\automated-testing\images\5233739-3.jpg,C:\Dropbox\projects-python\automated-testing\images\5233739-4.jpg
5181675,Private until connected,27 (Leo),"5'5""","Manhattan, NY","I am an INTJ at work and an INFJ on the weekends, an ENT surgeon aspiring to open my own bakery one day.
I look good (and tired) in scrubs
I like planning trips around the meals I eat, building my own furniture (and things mostly don't fall apart), large family potlucks where we spend time taking pictures of our food...and then falling asleep.
I appreciate when my date is genuine, takes initiative, can help me manage my fantasy football team.",Hospital,Christian,United States,N/A,"['Loyola University of Chicago Stritch School of Medicine/MD', 'Harvard University/Bachelors']",Asian,Resident,https://coffeemeetsbagel.com/bagels/matched/5181675,C:\Dropbox\projects-python\automated-testing\images\5181675-1.jpg,C:\Dropbox\projects-python\automated-testing\images\5181675-2.jpg,C:\Dropbox\projects-python\automated-testing\images\5181675-3.jpg,C:\Dropbox\projects-python\automated-testing\images\5181675-4.jpg
5165771,Private until connected,30 (Pisces),"5'4""","Manhattan, NY","I am happy, adventurous, an enfj
I look to live my life to the fullest, responsibly, ...while staying away from these vortexes
I like spring & summer in nyc, people who lead multi-faceted lives, a pair of good earphones
I appreciate when my date is interesting, driven, and suggests fun places for our dates",ELC,Spiritual but not religious,United States,Chinese,['Columbia University in the City of New York/Bachelors'],Asian,Marketer,https://coffeemeetsbagel.com/bagels/matched/5165771,C:\Dropbox\projects-python\automated-testing\images\5165771-1.jpg,C:\Dropbox\projects-python\automated-testing\images\5165771-2.jpg,C:\Dropbox\projects-python\automated-testing\images\5165771-3.jpg,C:\Dropbox\projects-python\automated-testing\images\5165771-4.jpg
5131638,Private until connected,28 (Virgo),"5'4""","Edgewater, NJ","I am curious, driven, serious about my career
I look like my pictures
I like playful banter, occasional spontaneity, dry sense of humor
I appreciate when my date is well-mannered, can laugh at himself and me, appreciates good food",N/A,Spiritual but not religious,United States,N/A,['Rutgers University/Other'],Asian,Pharmacist,https://coffeemeetsbagel.com/bagels/matched/5131638,C:\Dropbox\projects-python\automated-testing\images\5131638-1.jpg,C:\Dropbox\projects-python\automated-testing\images\5131638-2.jpg,,
5097469,Private until connected,29 (Virgo),"5'4""","Manhattan, NY","I am witty and fun, honest but fair, constantly hungry
I look put together (or so I like to think), like I want to eat what's on your plate
I like laughing at my own jokes (yours too, if you're funny), ogling dogs around the city, discovering new dive bars
I appreciate when my date understands the relevance of ""purple monkey dishwasher.""",N/A,Christian,United States,N/A,['University of Mary Washington/Bachelors'],Asian,Trying to make the world a prettier place,https://coffeemeetsbagel.com/bagels/matched/5097469,C:\Dropbox\projects-python\automated-testing\images\5097469-1.jpg,C:\Dropbox\projects-python\automated-testing\images\5097469-2.jpg,C:\Dropbox\projects-python\automated-testing\images\5097469-3.jpg,C:\Dropbox\projects-python\automated-testing\images\5097469-4.jpg
5063081,Private until connected,30 (Aries),"5'3""","Manhattan, NY","I am Optimistic, but pragmatic, Silly, but love a good intellectual discussion, open-minded about new ideas and experiences
I look excited to see good food, happy near puppies and other fuzzy creatures, a little cat-like (or so they say)
I like Planning my next vacation, Food, especially exploring hidden gems and surprising combos, Karaoke and game nights with friends
I appreciate when my date embraces my inner nerd, can turn lemons into lemonade, is somewhat organized",N/A,Neither religious nor spiritual,United States,N/A,"['Columbia University/Masters', 'Massachusetts Institute of Technology (MIT)/Bachelors']",Asian,Strategist,https://coffeemeetsbagel.com/bagels/matched/5063081,C:\Dropbox\projects-python\automated-testing\images\5063081-1.jpg,C:\Dropbox\projects-python\automated-testing\images\5063081-2.jpg,C:\Dropbox\projects-python\automated-testing\images\5063081-3.jpg,C:\Dropbox\projects-python\automated-testing\images\5063081-4.jpg
5029355,Private until connected,26 (Aquarius),"5'4""","New Brunswick, NJ","I am cheerful , adventurous , thoughtful
I look artsy , fun-loving , fit
I like reading , jogging , having a tasty glass of white wine
I appreciate when my date carries on the conversation , follows-up , is a gentleman with respect for women",N/A,Christian,United States,Korean,"['Columbia University/Masters', 'Rutgers/Bachelors']",Asian,Social Worker,https://coffeemeetsbagel.com/bagels/matched/5029355,C:\Dropbox\projects-python\automated-testing\images\5029355-1.jpg,C:\Dropbox\projects-python\automated-testing\images\5029355-2.jpg,C:\Dropbox\projects-python\automated-testing\images\5029355-3.jpg,C:\Dropbox\projects-python\automated-testing\images\5029355-4.jpg
4979446,Private until connected,28 (Taurus),"5'1""","Manhattan, NY","I am always looking for new adventures, down to earth, and devoted to my friends
I look asian (surprise!), petite (surprise!), forward to hearing from you
I like learning (A LOT OF) different things (random facts, figure skating, playing piano, etc), gathering life experiences, hanging out and catching up with friends
I appreciate when my date can make me laugh and ponder, believes in work hard play hard, can hold an interesting conversation",N/A,Christian,United States,N/A,"['NYU Stern School of Business/Bachelors', 'Columbia University/Masters']",Asian,Finance (Actuarial Fellow),https://coffeemeetsbagel.com/bagels/matched/4979446,C:\Dropbox\projects-python\automated-testing\images\4979446-1.jpg,C:\Dropbox\projects-python\automated-testing\images\4979446-2.jpg,C:\Dropbox\projects-python\automated-testing\images\4979446-3.jpg,C:\Dropbox\projects-python\automated-testing\images\4979446-4.jpg
4964682,Private until connected,29 (Virgo),"5'1""","Queens, NY","I am a creative,, easy-going,, affectionate person
I look petite
I like traveling and being adventurous. , trying new foods., almost anything with chocolate chips in it.
I appreciate when my date is honest, easy to talk to, funny, tries something new with me., calls rather than texts",N/A,Catholic,,N/A,"['SUNY Plattsburgh/Masters', 'SUNY Plattsburgh/Bachelors', 'Benjamin N. Cardozo High School/High school']",Asian,N/A,https://coffeemeetsbagel.com/bagels/matched/4964682,C:\Dropbox\projects-python\automated-testing\images\4964682-1.jpg,C:\Dropbox\projects-python\automated-testing\images\4964682-2.jpg,C:\Dropbox\projects-python\automated-testing\images\4964682-3.jpg,C:\Dropbox\projects-python\automated-testing\images\4964682-4.jpg
4931705,Private until connected,27 (Gemini),"5'2""","Palisades Park, NJ","I am devoted to my family and friends, easily excited about even the small things
I look younger than my age
I like trying new restaurants (based on yelp research), trying new things/activities, being lazy and lounging around (but I never have the time)
I appreciate when my date takes the initiative, listens without doing all the talking, confident but not cocky",N/A,Christian,United States,Korean,['Rutgers University - New Brunswick (Ernest Mario School of Pharmacy)/Other'],Asian,Pharmacist,https://coffeemeetsbagel.com/bagels/matched/4931705,C:\Dropbox\projects-python\automated-testing\images\4931705-1.jpg,C:\Dropbox\projects-python\automated-testing\images\4931705-2.jpg,C:\Dropbox\projects-python\automated-testing\images\4931705-3.jpg,C:\Dropbox\projects-python\automated-testing\images\4931705-4.jpg
4884775,Private until connected,29 (Aries),"5'1""","Brooklyn, NY","I am creatively inclined, well-travelled, technophile
I look happy, petite
I like photography, two cups of coffee every morning, off beat adventures
I appreciate when my date smart +, funny , = smarfunny",Startup,Christian,United States,N/A,"['Northwestern University/Bachelors', 'Stuyvesant High School/High school']",Asian,Software Engineer,https://coffeemeetsbagel.com/bagels/matched/4884775,C:\Dropbox\projects-python\automated-testing\images\4884775-1.jpg,C:\Dropbox\projects-python\automated-testing\images\4884775-2.jpg,C:\Dropbox\projects-python\automated-testing\images\4884775-3.jpg,C:\Dropbox\projects-python\automated-testing\images\4884775-4.jpg
4865548,Private until connected,29 (Scorpio),"5'2""","Queens, NY","I am Outgoing/sarcastic, Down to earth (or at least try to be), ENFP, Decently-traveled (20ish countries)
I look casual, petite, I like to mix it up with my personal style
I like To laugh and to make others laugh, To go out and have fun with friends and family as well as have personal time to unwind, Listen to good music, eat good food, drink good beer, read good books, and watch good films/TV/sports
I appreciate when my date Has good manners, is a gentleman, and has genuine character, Can carry an unawkward, fun-loving, likes-to-laugh type of conversation, Strives to grow in faith, and has a love and compassion for others.",N/A,Christian,United States,Korean American,['Syracuse University/Bachelors'],Asian,Film/TV,https://coffeemeetsbagel.com/bagels/matched/4865548,C:\Dropbox\projects-python\automated-testing\images\4865548-1.jpg,C:\Dropbox\projects-python\automated-testing\images\4865548-2.jpg,C:\Dropbox\projects-python\automated-testing\images\4865548-3.jpg,C:\Dropbox\projects-python\automated-testing\images\4865548-4.jpg
4832510,Private until connected,29 (Taurus),"5'2""","San Mateo, CA","I am upbeat, sociable, a Jersey girl at heart
I look friendly, young for my age
I like traveling to new places and trying new things, funny/positive people, and fooooooood
I appreciate when my date can teach me something new, acts like a gentleman (chivalry is not dead!), and can make me laugh",Oracle,Christian,United States,Korean American,"['Carnegie Mellon University/Masters', 'University of Michigan/Bachelors']",Asian,Information Developer,https://coffeemeetsbagel.com/bagels/matched/4832510,C:\Dropbox\projects-python\automated-testing\images\4832510-1.jpg,C:\Dropbox\projects-python\automated-testing\images\4832510-2.jpg,C:\Dropbox\projects-python\automated-testing\images\4832510-3.jpg,C:\Dropbox\projects-python\automated-testing\images\4832510-4.jpg
4429775,Private until connected,30 (Libra),"5'5""","Manhattan, NY","I am a foodie, avid traveler, and can be sarcastic.
I look nerdy, with glasses, and long black hair
I like traveling (love it... next big trip will hopefully be Australia & NZ), hiking during the autumn season , a double vodka on the rocks with a splash of Hypnotiq
I appreciate when my date keeps it simple and honest, is willing to try something new (albeit food or activities), is also an avid traveler.",N/A,Catholic,United States,N/A,"['New York University/Masters', 'New York University/Bachelors']",Asian,RN,https://coffeemeetsbagel.com/bagels/matched/4429775,C:\Dropbox\projects-python\automated-testing\images\4429775-1.jpg,C:\Dropbox\projects-python\automated-testing\images\4429775-2.jpg,C:\Dropbox\projects-python\automated-testing\images\4429775-3.jpg,C:\Dropbox\projects-python\automated-testing\images\4429775-4.jpg
4354036,Private until connected,27 (Scorpio),"5'3""","Manhattan, NY","I am Easy going
I appreciate when my date Likes to try new foods, Can be silly with me",N/A,Neither religious nor spiritual,,N/A,"['Columbia Business School/MBA', 'University of Pennsylvania/Bachelors']",Asian,Financial Services,https://coffeemeetsbagel.com/bagels/matched/4354036,C:\Dropbox\projects-python\automated-testing\images\4354036-1.jpg,C:\Dropbox\projects-python\automated-testing\images\4354036-2.jpg,C:\Dropbox\projects-python\automated-testing\images\4354036-3.jpg,C:\Dropbox\projects-python\automated-testing\images\4354036-4.jpg
4323153,Private until connected,30 (Taurus),"5'5""","Manhattan, NY","I am shy at first, active, thoughtful, God-loving
I look tan
I like everyday adventures, cooking and eating socially, traveling, and photography
I appreciate when my date doesn't take himself too seriously, and is assertive while being considerate",N/A,Christian,United States,Korean-American,"['New York University/Bachelors', 'SUNY Binghamton/Bachelors']",Asian,Nurse,https://coffeemeetsbagel.com/bagels/matched/4323153,C:\Dropbox\projects-python\automated-testing\images\4323153-1.jpg,C:\Dropbox\projects-python\automated-testing\images\4323153-2.jpg,C:\Dropbox\projects-python\automated-testing\images\4323153-3.jpg,C:\Dropbox\projects-python\automated-testing\images\4323153-4.jpg
4293089,Private until connected,27 (Scorpio),"5'1""","Queens, NY","I am Passionate, Assertive, Quirky
I look Kind, Playful, Pampered
I like Shopping , Exploring , Bettering myself
I appreciate when my date Is a gentleman, Is not late, Shows effort",N/A,Buddhist,United States,Taiwanese,"['Baruch College/Bachelors', 'Benjamin N. Cardozo High School/High school']",Asian,Buyer,https://coffeemeetsbagel.com/bagels/matched/4293089,C:\Dropbox\projects-python\automated-testing\images\4293089-1.jpg,C:\Dropbox\projects-python\automated-testing\images\4293089-2.jpg,C:\Dropbox\projects-python\automated-testing\images\4293089-3.jpg,C:\Dropbox\projects-python\automated-testing\images\4293089-4.jpg
4262907,Private until connected,27 (Cancer),"5'3""","Manhattan, NY","I am silly but serious, a great listener/advice giver
I appreciate when my date shows me something new in this city, understands that chivalry is not dead, appreciates drama-free relationships",Citi,Spiritual but not religious,United States,N/A,"['Columbia University/Bachelors', 'Shaker High School/High school']",Asian,Finance,https://coffeemeetsbagel.com/bagels/matched/4262907,C:\Dropbox\projects-python\automated-testing\images\4262907-1.jpg,C:\Dropbox\projects-python\automated-testing\images\4262907-2.jpg,C:\Dropbox\projects-python\automated-testing\images\4262907-3.jpg,
4232998,Private until connected,29 (Sagittarius),"5'3""","New York, NY","I am silly, tenacious, optimistic
I look younger than i am
I like to think about my next meal (fatty), a good cup of coffee, travel, etc.
I appreciate when my date takes the initiative, is driven and passionate, has a good sense of humor; is silly but not over the top",N/a,Spiritual but not religious,United States,N/A,['University of California - Riverside/Bachelors'],Asian,Publicist,https://coffeemeetsbagel.com/bagels/matched/4232998,C:\Dropbox\projects-python\automated-testing\images\4232998-1.jpg,C:\Dropbox\projects-python\automated-testing\images\4232998-2.jpg,C:\Dropbox\projects-python\automated-testing\images\4232998-3.jpg,C:\Dropbox\projects-python\automated-testing\images\4232998-4.jpg
4203424,Private until connected,26 (Libra),"5'6""","Manhattan, NY","I am considerate, sassy, and outgoing
I look healthy, and lively
I like Running my 5mile Mondays, Singing, dancing, spending countless hours on YouTube by accident, , wandering around aimlessly when the weather is nice
I appreciate when my date has a sense of humor and can take some sass, is assertive by making decisions when I cant, especially when it comes to food, and smiles so he doesn't look mean and evil!!!!! :)",Assurance,Christian,United States,Korean,['Pace Univ/Masters'],Asian,Counting numbers,https://coffeemeetsbagel.com/bagels/matched/4203424,C:\Dropbox\projects-python\automated-testing\images\4203424-1.jpg,C:\Dropbox\projects-python\automated-testing\images\4203424-2.jpg,C:\Dropbox\projects-python\automated-testing\images\4203424-3.jpg,C:\Dropbox\projects-python\automated-testing\images\4203424-4.jpg
4173847,Private until connected,28 (Aquarius),"5'5""","Manhattan, NY","I am vivacious, engaging, passionate
I look like an aborigine in the summer, a geisha in the winter
I like bike rides on sunny yet slightly chilly days, playing with miniature animals, hanging out with the fam bam
I appreciate when my date pays attention, doesn't grope (at least not right away), can be honest without being rude",3.1 Phillip Lim,Spiritual but not religious,United States,Korean,"['Dartmouth College/Bachelors', 'Seoul Foreign School/High school']",Asian,Fashion,https://coffeemeetsbagel.com/bagels/matched/4173847,C:\Dropbox\projects-python\automated-testing\images\4173847-1.jpg,C:\Dropbox\projects-python\automated-testing\images\4173847-2.jpg,C:\Dropbox\projects-python\automated-testing\images\4173847-3.jpg,C:\Dropbox\projects-python\automated-testing\images\4173847-4.jpg
4144502,Private until connected,28 (Libra),"5'0""","Manhattan, NY","I am rooted in my faith, passionate about justice, eager to explore
I look fit, petite
I like cooking and eating, learning about and experiencing culture (art, food, stories, etc.), people
I appreciate when my date is open to new experiences, cares for others, shapes his life by seeking God",N/A,Christian,United States,N/A,"['Columbia University/Masters', 'Boston College/Bachelors']",Asian,Graduate Student (Public Health),https://coffeemeetsbagel.com/bagels/matched/4144502,C:\Dropbox\projects-python\automated-testing\images\4144502-1.jpg,C:\Dropbox\projects-python\automated-testing\images\4144502-2.jpg,C:\Dropbox\projects-python\automated-testing\images\4144502-3.jpg,C:\Dropbox\projects-python\automated-testing\images\4144502-4.jpg
4103353,Private until connected,30 (Scorpio),"5'7""","New York, NY","I am from California and love the outdoors., am a curious soul, and like to keep it real
I look for the positive in everything,, inspiration, and the small moments
I like music, even better when it's live, being outdoors on days that remind me of sunny california, to be worldly - expand my perspectives through travel, arts, and diverse experiences
I appreciate when my date is comfortable in his own skin, is down and can be spontaneous with me, and challenges me to be a better person",Healthcare,Christian,United States,Korean American,"['Berkeley/Bachelors', 'Wharton/MBA']",Asian,Product Manager,https://coffeemeetsbagel.com/bagels/matched/4103353,C:\Dropbox\projects-python\automated-testing\images\4103353-1.jpg,C:\Dropbox\projects-python\automated-testing\images\4103353-2.jpg,C:\Dropbox\projects-python\automated-testing\images\4103353-3.jpg,C:\Dropbox\projects-python\automated-testing\images\4103353-4.jpg
4087919,Private until connected,27 (Gemini),"5'7""","Manhattan, NY","I am shy at first, straightforward and loyal, down to earth
I look like more of a jeans kind of girl, athletic, casual, a bit intimidating at first
I like being outdoors, staying active (running, climbing, etc), a good book, traveling, exploring & experiencing new things, spontaneity, neon colors and good company
I appreciate when my date takes the initiative, is fun, genuine, and comfortable",N/A,Christian,United States,N/A,['George Washington University/Bachelors'],Asian,HR,https://coffeemeetsbagel.com/bagels/matched/4087919,C:\Dropbox\projects-python\automated-testing\images\4087919-1.jpg,C:\Dropbox\projects-python\automated-testing\images\4087919-2.jpg,C:\Dropbox\projects-python\automated-testing\images\4087919-3.jpg,C:\Dropbox\projects-python\automated-testing\images\4087919-4.jpg
4059197,Private until connected,30 (Sagittarius),"5'6""","Flushing, NY","I am Optimistic, Bubbly, Always ready to eat
I look Happy a lot cuz I'm always smiling
I like Taking naps, staying decently active, and meeting up with friends
I appreciate when my date Makes me laugh, Is chivalrous, Is confident but not cocky",GVAH,Neither religious nor spiritual,,N/A,"['Cornell University/Bachelors', 'Benjamin N. Cardozo High School/High school']",Asian,Vet tech,https://coffeemeetsbagel.com/bagels/matched/4059197,C:\Dropbox\projects-python\automated-testing\images\4059197-1.jpg,C:\Dropbox\projects-python\automated-testing\images\4059197-2.jpg,C:\Dropbox\projects-python\automated-testing\images\4059197-3.jpg,C:\Dropbox\projects-python\automated-testing\images\4059197-4.jpg
4017935,Private until connected,28 (Gemini),"5'3""","Fort Lee, NJ","I am Adventurous and lives life to the fullest
I look petite but can throw a mean football
I like trying new things, road trips, family time, music, sports, adventures
I appreciate when my date Is honest and spontaneous",Samsung Electronics America,Christian,,N/A,['Johnson & Wales University/Bachelors'],Asian,Supply Chain Analyst,https://coffeemeetsbagel.com/bagels/matched/4017935,C:\Dropbox\projects-python\automated-testing\images\4017935-1.jpg,C:\Dropbox\projects-python\automated-testing\images\4017935-2.jpg,C:\Dropbox\projects-python\automated-testing\images\4017935-3.jpg,C:\Dropbox\projects-python\automated-testing\images\4017935-4.jpg
3957535,Private until connected,29 (Aquarius),"5'5""","Manhattan, NY","I am sarcastic but sweet, laid back , adventurous
I look naturally beautiful
I like Laughing, cats and dogs,riding bike
I appreciate when my date keeps it honest and straightforward",N/A,Spiritual but not religious,United States,N/A,['Hunter College/Bachelors'],Asian,RN,https://coffeemeetsbagel.com/bagels/matched/3957535,C:\Dropbox\projects-python\automated-testing\images\3957535-1.jpg,C:\Dropbox\projects-python\automated-testing\images\3957535-2.jpg,C:\Dropbox\projects-python\automated-testing\images\3957535-3.jpg,
3956686,Private until connected,29 (Aquarius),"5'5""","New York, NY","I am smart, modest, down to the earth
I look tall and thin, energetic, somewhat better than my photo
I like discovering new ideas/ places/things etc, dressing and behaving properly for each occasion, also enjoying some weekends doing nothing and not wearing any make up~~
I appreciate when my date is a gentleman, is able to carry effective and open communication, can quickly build up enough emotional connections with me",Investment Bank,Spiritual but not religious,United States,Chinese,['Columbia University/Bachelors'],Asian,Senior Associate,https://coffeemeetsbagel.com/bagels/matched/3956686,C:\Dropbox\projects-python\automated-testing\images\3956686-1.jpg,C:\Dropbox\projects-python\automated-testing\images\3956686-2.jpg,C:\Dropbox\projects-python\automated-testing\images\3956686-3.jpg,
3928618,Private until connected,30 (Taurus),"5'6""","Manhattan, NY","I am friendly, thoughtful, honest
I look skinny, but, I eat alot
I like cheering for my Lakers, making people laugh and acting silly, relaxing at the park
I appreciate when my date is honest, has a sense of humor, makes an effort to get to know me",N/A,Christian,United States,Korean American,"['Teachers College/Masters', 'California State University Northridge/Bachelors']",Asian,Teacher,https://coffeemeetsbagel.com/bagels/matched/3928618,C:\Dropbox\projects-python\automated-testing\images\3928618-1.jpg,,,
3918465,Private until connected,28 (Cancer),"5'6""","New York, NY","I am optimistic, friendly
I look Asian
I like movies, coffee, food
I appreciate when my date takes the initiative",N/A,Neither religious nor spiritual,United States,N/A,"['University of Michigan/Bachelors', 'Newtown High School/High school']",Asian,N/A,https://coffeemeetsbagel.com/bagels/matched/3918465,C:\Dropbox\projects-python\automated-testing\images\3918465-1.jpg,C:\Dropbox\projects-python\automated-testing\images\3918465-2.jpg,C:\Dropbox\projects-python\automated-testing\images\3918465-3.jpg,C:\Dropbox\projects-python\automated-testing\images\3918465-4.jpg
3891800,Private until connected,29 (Aries),"5'1""","New York, NY","I am a kid at heart, an avid runner, a girly tomboy
I look petite yet strong for my size, cheerful
I like college basketball, witty humor, and good eats
I appreciate when my date enjoys being active, laughing, & dressing both up and down",Tech Company,Christian,United States,Korean American,"['Cornell/Masters', 'Georgetown/Bachelors']",Asian,Marketing/Sales,https://coffeemeetsbagel.com/bagels/matched/3891800,C:\Dropbox\projects-python\automated-testing\images\3891800-1.jpg,C:\Dropbox\projects-python\automated-testing\images\3891800-2.jpg,C:\Dropbox\projects-python\automated-testing\images\3891800-3.jpg,C:\Dropbox\projects-python\automated-testing\images\3891800-4.jpg
3825517,Private until connected,30 (Gemini),"5'2""","Queens, NY","I am spontaneous, sincere, honest
I look happy, friendly
I like learning new things, having interesting conversations about random topics, traveling and trying different cuisines
I appreciate when my date is genuine, likes to explore new places",N/A,Buddhist,United States,Taiwanese,['University of Illinois at Urbana-Champaign/Masters'],Asian,Financial services,https://coffeemeetsbagel.com/bagels/matched/3825517,C:\Dropbox\projects-python\automated-testing\images\3825517-1.jpg,C:\Dropbox\projects-python\automated-testing\images\3825517-2.jpg,C:\Dropbox\projects-python\automated-testing\images\3825517-3.jpg,C:\Dropbox\projects-python\automated-testing\images\3825517-4.jpg
3822329,Private until connected,30 (Sagittarius),"5'2""","Manhattan, NY","I am Straight talker, Super organized, Devoted to my friends
I look Good in a suit, Toned, Curvy in the right places
I like Horror movies, Running, Traveling
I appreciate when my date Takes the initiative / control, Has a sense of humor, Suits up",Anheuser-Busch InBev,Neither religious nor spiritual,United States,Chinse,"['NYU/Other', 'Shanghai Jiao Tong University/Other']",Asian,Sales / Marketing,https://coffeemeetsbagel.com/bagels/matched/3822329,C:\Dropbox\projects-python\automated-testing\images\3822329-1.jpg,C:\Dropbox\projects-python\automated-testing\images\3822329-2.jpg,C:\Dropbox\projects-python\automated-testing\images\3822329-3.jpg,C:\Dropbox\projects-python\automated-testing\images\3822329-4.jpg
3811332,Private until connected,30 (Scorpio),"5'4""","New York, NY","I am fun loving, true to my heart, optimistic
I look petite, curvy, athletic
I like good food and wine, chilling at poolside, exploring new cities
I appreciate when my date tells me about himself, is honest, likes to wine and dine",N/A,Catholic,United States,Korean,"['Cornell University/Bachelors', 'Northwestern University/Masters']",Asian,N/A,https://coffeemeetsbagel.com/bagels/matched/3811332,C:\Dropbox\projects-python\automated-testing\images\3811332-1.jpg,C:\Dropbox\projects-python\automated-testing\images\3811332-2.jpg,C:\Dropbox\projects-python\automated-testing\images\3811332-3.jpg,C:\Dropbox\projects-python\automated-testing\images\3811332-4.jpg
3746319,Private until connected,30 (Virgo),"5'2""","New York, NY","I am a proud introvert. I'm laid back and enjoy alone time but I do love being around my friends, too.
I look small. Also, cutie with a bootie (HAH).
I like quality time, music, singing, food, cooking, and a wild night out once in a while. I can also spend hours watching the history and discovery chnls.
I appreciate when my date appreciates music, says a lot with a few words, humble, takes initiative, happy to pay and happy to be treated, a little quirkiness is always appreciated.",AMC Networks,Christian,United States,Korean,['Pennsylvania State University/Bachelors'],Asian,Recruiting,https://coffeemeetsbagel.com/bagels/matched/3746319,C:\Dropbox\projects-python\automated-testing\images\3746319-1.jpg,C:\Dropbox\projects-python\automated-testing\images\3746319-2.jpg,C:\Dropbox\projects-python\automated-testing\images\3746319-3.jpg,C:\Dropbox\projects-python\automated-testing\images\3746319-4.jpg
3694784,Private until connected,29 (Leo),"5'4""","Manhattan, NY","I am silly and random, selectively curious, interested in trying new things
I look smiley, kind of cute
I like food - eating/cooking/baking, walking, experimenting, reading comic books, listening to stories, working on side projects, sunshine, drinking
I appreciate when my date breaks out the gentlemanly gestures, makes me laugh, gives fantastic hugs",N/A,Christian,United States,N/A,['Boston College/Bachelors'],Asian,Product manager,https://coffeemeetsbagel.com/bagels/matched/3694784,C:\Dropbox\projects-python\automated-testing\images\3694784-1.jpg,C:\Dropbox\projects-python\automated-testing\images\3694784-2.jpg,C:\Dropbox\projects-python\automated-testing\images\3694784-3.jpg,C:\Dropbox\projects-python\automated-testing\images\3694784-4.jpg
3694020,Private until connected,29 (Pisces),"5'2""","New York, NY","I am honest, easily humored, currently living abroad
I look younger than my age, petite
I like to travel, to eat, to explore
I appreciate when my date is funny, is truthful, is bold",N/A,Christian,United States,Korean,"['Columbia University/Masters', 'New York University/Bachelors']",Asian,Teacher,https://coffeemeetsbagel.com/bagels/matched/3694020,C:\Dropbox\projects-python\automated-testing\images\3694020-1.jpg,C:\Dropbox\projects-python\automated-testing\images\3694020-2.jpg,C:\Dropbox\projects-python\automated-testing\images\3694020-3.jpg,
3693417,Private until connected,29 (Sagittarius),"5'3""","Manhattan, NY","I am Curious, Quirky, Optimistic
I look like i know what I'm doing, some of the time
I like sailing, palm trees, stories
I appreciate when my date Takes the lead, Has solid morals, Has courage",N/A,Christian,United States,American,"['Massachusetts Institute of Technology (MIT)/Bachelors', 'University of Pennsylvania/Masters']",Asian,IP law,https://coffeemeetsbagel.com/bagels/matched/3693417,C:\Dropbox\projects-python\automated-testing\images\3693417-1.jpg,C:\Dropbox\projects-python\automated-testing\images\3693417-2.jpg,C:\Dropbox\projects-python\automated-testing\images\3693417-3.jpg,C:\Dropbox\projects-python\automated-testing\images\3693417-4.jpg
3681271,Private until connected,30 (Libra),"5'3""","Manhattan, NY","I am fun loving, young at heart, and will try anything once. I love exploring new places to eat and travel.
I look like me!
I like being active and outdoors, but also don't mind staying in with a bottle of wine and some pizza!
I appreciate when my date is genuine and knows how to take the lead.",N/A,Christian,United States,Korean,"['Fordham University/MBA', 'Rutgers/Bachelors']",Asian,Banking,https://coffeemeetsbagel.com/bagels/matched/3681271,C:\Dropbox\projects-python\automated-testing\images\3681271-1.jpg,C:\Dropbox\projects-python\automated-testing\images\3681271-2.jpg,C:\Dropbox\projects-python\automated-testing\images\3681271-3.jpg,C:\Dropbox\projects-python\automated-testing\images\3681271-4.jpg
3615274,Private until connected,29 (Cancer),"5'5""","Manhattan, NY","I am optimistic, loyal, ambitious
I look stylish, confident, girly
I like long weekends outside of the city , picnics in the park, walking my dog
I appreciate when my date keeps it real, a complete gentleman, takes initiative",Private Firm,Spiritual but not religious,United States,Vietnamese and Chinese,"['UC Berkeley/Bachelors', 'Scripps Ranch High School/High school']",Asian,Buyer,https://coffeemeetsbagel.com/bagels/matched/3615274,C:\Dropbox\projects-python\automated-testing\images\3615274-1.jpg,C:\Dropbox\projects-python\automated-testing\images\3615274-2.jpg,C:\Dropbox\projects-python\automated-testing\images\3615274-3.jpg,C:\Dropbox\projects-python\automated-testing\images\3615274-4.jpg
3613023,Private until connected,28 (Pisces),"5'6""","Manhattan, NY","I am a dreamer, a planner, coffee lover
I look happy, my age, like me
I like watching movies; having a good time with friends; trying new restaurants
I appreciate when my date shows he loves God, smiles alot, is well mannered",N/A,Christian,United States,Korean,['Rhode Island School of Design/Bachelors'],Asian,Project Manager,https://coffeemeetsbagel.com/bagels/matched/3613023,C:\Dropbox\projects-python\automated-testing\images\3613023-1.jpg,C:\Dropbox\projects-python\automated-testing\images\3613023-2.jpg,C:\Dropbox\projects-python\automated-testing\images\3613023-3.jpg,C:\Dropbox\projects-python\automated-testing\images\3613023-4.jpg
3591693,Private until connected,28 (Scorpio),"5'2""","Manhattan, NY","I am cheerful and optimistic, Sugar and spice and everything nice
I look petite
I like to cook and bake, Nerds
I appreciate when my date has a good sense of humor, tries with my dog",N/A,Christian,,N/A,"['University of Chicago Law School/JD', 'Johns Hopkins University/Bachelors']",Asian,Lawyer,https://coffeemeetsbagel.com/bagels/matched/3591693,C:\Dropbox\projects-python\automated-testing\images\3591693-1.jpg,C:\Dropbox\projects-python\automated-testing\images\3591693-2.jpg,C:\Dropbox\projects-python\automated-testing\images\3591693-3.jpg,C:\Dropbox\projects-python\automated-testing\images\3591693-4.jpg
3562531,Private until connected,27 (Virgo),"5'4""","Stony Brook, NY",,Hospital,Christian,,N/A,"['Stony Brook University/MD', 'Brown University/Bachelors']",Asian,Student,https://coffeemeetsbagel.com/bagels/matched/3562531,C:\Dropbox\projects-python\automated-testing\images\3562531-1.jpg,C:\Dropbox\projects-python\automated-testing\images\3562531-2.jpg,C:\Dropbox\projects-python\automated-testing\images\3562531-3.jpg,
3551585,Private until connected,29 (Sagittarius),"5'8""","Manhattan, NY","I am easy to talk to, fun and adventurous, considerate
I look friendly, nice smile, athletic
I like Ice-cream, karaoke, playing/watching sports
I appreciate when my date carries on conversation and listens well, takes the initiative, is open minded",Redeemer,Christian,United States,Korean-American,"['University of California - Irvine/Bachelors', 'Westminster Theological Seminary/Masters']",Asian,Staff,https://coffeemeetsbagel.com/bagels/matched/3551585,C:\Dropbox\projects-python\automated-testing\images\3551585-1.jpg,C:\Dropbox\projects-python\automated-testing\images\3551585-2.jpg,C:\Dropbox\projects-python\automated-testing\images\3551585-3.jpg,C:\Dropbox\projects-python\automated-testing\images\3551585-4.jpg
3488370,Private until connected,25 (Sagittarius),"5'4""","Queens, NY","I am a good listener, most time silly but can be serious, more comfortable one-on-one than in a crowd
I look normal, nerdy
I like Talkshows,SNL, Travel, Good food and cooking
I appreciate when my date has some persistence, Is down to earth, and somewhat nerdy",N/A,Spiritual but not religious,United States,N/A,['Pace University/Masters'],Asian,Student,https://coffeemeetsbagel.com/bagels/matched/3488370,C:\Dropbox\projects-python\automated-testing\images\3488370-1.jpg,C:\Dropbox\projects-python\automated-testing\images\3488370-2.jpg,C:\Dropbox\projects-python\automated-testing\images\3488370-3.jpg,C:\Dropbox\projects-python\automated-testing\images\3488370-4.jpg
3460656,Private until connected,30 (Taurus),"5'2""","Manhattan, NY","I am hard-working, loyal, kind
I look petite, fit, healthy
I like Reading, Running, Good Food, Learning about people
I appreciate when my date takes the iniative, plans something fun and unique, is thoughtful and caring",N/A,Spiritual but not religious,United States,USA,"['The Wharton School/Masters', 'Columbia University/Bachelors']",Asian,Finance Professional,https://coffeemeetsbagel.com/bagels/matched/3460656,C:\Dropbox\projects-python\automated-testing\images\3460656-1.jpg,C:\Dropbox\projects-python\automated-testing\images\3460656-2.jpg,,
3414431,Private until connected,27 (Aquarius),"5'4""","Philadelphia, PA","I am good to my family and friends, easy to talk to, optimistic
I look serious sometimes, usually smiling, like myself
I like exploring the city, trying different foods, enjoying new things with people I love, watching movies and tv, my pets, taking walks with my dog
I appreciate when my date has a sense of humor, is honest, is goal oriented but puts family and friends first",N/A,Catholic,United States,Korean,"['University of Pennsylvania School of Veterinary Medicine/Other', 'Leonia High School/High school']",Asian,Student,https://coffeemeetsbagel.com/bagels/matched/3414431,C:\Dropbox\projects-python\automated-testing\images\3414431-1.jpg,C:\Dropbox\projects-python\automated-testing\images\3414431-2.jpg,C:\Dropbox\projects-python\automated-testing\images\3414431-3.jpg,C:\Dropbox\projects-python\automated-testing\images\3414431-4.jpg
3412326,Private until connected,30 (Capricorn),"5'4""","Palisades Park, NJ","I am a
I look normal",N/A,Christian,United States,Korean,['University of Illinois at Urbana-Champaign/Bachelors'],Asian,Pharmacist,https://coffeemeetsbagel.com/bagels/matched/3412326,C:\Dropbox\projects-python\automated-testing\images\3412326-1.jpg,,,
3402071,Private until connected,29 (Aries),"5'4""","Astoria, NY","I am easy going, devoted to my family and friends, silly
I look laid-back, playful, and happy
I like trying new things, going on adventures, making people laugh
I appreciate when my date can carry a good conversation, is down to earth, is thoughtful",N/A,Christian,United States,Korean American,"['Columbia University/Masters', 'UCLA/Bachelors']",Asian,International development,https://coffeemeetsbagel.com/bagels/matched/3402071,C:\Dropbox\projects-python\automated-testing\images\3402071-1.jpg,C:\Dropbox\projects-python\automated-testing\images\3402071-2.jpg,C:\Dropbox\projects-python\automated-testing\images\3402071-3.jpg,C:\Dropbox\projects-python\automated-testing\images\3402071-4.jpg
3378793,Private until connected,30 (Libra),"5'2""","Bronx, NY","I am Straight forward, Shy at first, Passionate
I look Petite, Stylish, Younger than my age
I like Watching movies, Suntanning at the beach/pool, Dancing
I appreciate when my date Decides on where to go for dinner/drinks, Dresses for the occasion. , Doesn't play any games",N/A,Christian,,N/A,"['Albert Einstein College of Medicine/MD', 'Emory University/Bachelors', 'George Walton Comprehensive High School/High school']",Asian,N/A,https://coffeemeetsbagel.com/bagels/matched/3378793,C:\Dropbox\projects-python\automated-testing\images\3378793-1.jpg,C:\Dropbox\projects-python\automated-testing\images\3378793-2.jpg,C:\Dropbox\projects-python\automated-testing\images\3378793-3.jpg,C:\Dropbox\projects-python\automated-testing\images\3378793-4.jpg
3355416,Private until connected,30 (Virgo),"5'5""","Brooklyn, NY","I am animated, driven, hyper rational
I look quirky in a fur skirt, athletic in volleyball spandex, hipster-lite with my nosering, bangs, and warby's.
I like volleyball, food photography, eating, cooking, very gustatorial/visceral experiences, , researching the sht out of home design and organizational shit, , nerdy & rambunctious aesthete with a slightly foul mouth an insatiable appetite for information and activities
I appreciate when my date is witty, has an inclination for go-getter-ness, self deprecation,, has a thirst for all sorts of knowledge/info whether it be buzzfeed/flipboard/psychology today,e tc, is into athletics, humor, music and...all sorts of randomness, chaos, but also just an appreciation for introversion.",N/A,Neither religious nor spiritual,,N/A,"['Columbia University/Masters', 'Columbia University/Masters']",Asian,N/A,https://coffeemeetsbagel.com/bagels/matched/3355416,C:\Dropbox\projects-python\automated-testing\images\3355416-1.jpg,C:\Dropbox\projects-python\automated-testing\images\3355416-2.jpg,C:\Dropbox\projects-python\automated-testing\images\3355416-3.jpg,C:\Dropbox\projects-python\automated-testing\images\3355416-4.jpg
3317690,Private until connected,28 (Sagittarius),"5'5""","Manhattan, NY","I am true to my words, Fun and spontaneous , always happy
I look athletic, curvy, well dressed
I like sports and outdoor activities, eating out, traveling and reading
I appreciate when my date Is positive and adventurous, Have a good sense of humor, keeps it honest",Private equity,Neither religious nor spiritual,United States,N/A,['Carnegie Mellon University/Masters'],Asian,Finance,https://coffeemeetsbagel.com/bagels/matched/3317690,C:\Dropbox\projects-python\automated-testing\images\3317690-1.jpg,C:\Dropbox\projects-python\automated-testing\images\3317690-2.jpg,C:\Dropbox\projects-python\automated-testing\images\3317690-3.jpg,C:\Dropbox\projects-python\automated-testing\images\3317690-4.jpg
3309069,Private until connected,26 (Cancer),"5'3""","Manhattan, NY","I am foodie at heart , chocolate lover, a city girl
I look petite but toned, cute, like a million bucks
I like good conversations with close friends, board games, food trips, exploring the city, meeting new people.
I appreciate when my date takes initiative, keeps it honest, has a positive attitude, likes to have fun!",N/A,Spiritual but not religious,,N/A,"['NYU/Bachelors', 'Stuyvesant High School/High school']",Asian,N/A,https://coffeemeetsbagel.com/bagels/matched/3309069,C:\Dropbox\projects-python\automated-testing\images\3309069-1.jpg,C:\Dropbox\projects-python\automated-testing\images\3309069-2.jpg,C:\Dropbox\projects-python\automated-testing\images\3309069-3.jpg,C:\Dropbox\projects-python\automated-testing\images\3309069-4.jpg
3271057,Private until connected,30 (Scorpio),"5'1""","Manhattan, NY","I am quirky, blessed, curious
I look like I can fit in your pocket
I like Making people smile, collecting stamps in my passport, knee drops and heel hooks on rocks.
I appreciate when my date smells nice, teaches me new things, plans new adventures",N/A,Christian,United States,N/A,"['University of Southern California/Bachelors', 'New York University/Masters']",Asian,Planning,https://coffeemeetsbagel.com/bagels/matched/3271057,C:\Dropbox\projects-python\automated-testing\images\3271057-1.jpg,C:\Dropbox\projects-python\automated-testing\images\3271057-2.jpg,C:\Dropbox\projects-python\automated-testing\images\3271057-3.jpg,C:\Dropbox\projects-python\automated-testing\images\3271057-4.jpg
3248996,Private until connected,24 (Taurus),"5'3""","Manhattan, NY","I am thoughtful, intellectually curious, adventurous
I look happy
I like art and design, playing Chopin, trying new recipes, exploring new things in the city
I appreciate when my date is spontaneous and well read, has passions outside of work, makes me laugh",N/A,Christian,United States,N/A,"['Harvard University/Bachelors', 'Parsons School of Design/Masters']",Asian,N/A,https://coffeemeetsbagel.com/bagels/matched/3248996,C:\Dropbox\projects-python\automated-testing\images\3248996-1.jpg,C:\Dropbox\projects-python\automated-testing\images\3248996-2.jpg,C:\Dropbox\projects-python\automated-testing\images\3248996-3.jpg,C:\Dropbox\projects-python\automated-testing\images\3248996-4.jpg
3240015,Private until connected,27 (Capricorn),"5'4""","New York, NY","I am easygoing, nerdy, fascinated by people and our different perspectives
I look like my pictures...?, Korean
I like good company, running, watching movies
I appreciate when my date is thoughtful, confident, takes the initiative",N/A,Christian,United States,Korean-American,"['Columbia University/PhD', 'New York University/Bachelors']",Asian,Doctoral Student,https://coffeemeetsbagel.com/bagels/matched/3240015,C:\Dropbox\projects-python\automated-testing\images\3240015-1.jpg,C:\Dropbox\projects-python\automated-testing\images\3240015-2.jpg,C:\Dropbox\projects-python\automated-testing\images\3240015-3.jpg,C:\Dropbox\projects-python\automated-testing\images\3240015-4.jpg
3206136,Private until connected,29 (Libra),"5'5""","Manhattan, NY","I am honest, spontaneous, adventurous and well-traveled, someone with a really good sense of humor
I look taller than I really am
I like trying new restaurants and sampling as many different dishes as possible, laughing so hard I can barely breathe, snowboarding, random adventures, anything music and concerts/performing arts, being out and about with a healthy dose of quiet evenings
I appreciate when my date is a gentleman, is easygoing but attentive, comes across as kind and warm-hearted",NA,Christian,United States,N/A,"['Albert Einstein College of Medicine/MD', 'Columbia University/Bachelors']",Asian,Medical Student,https://coffeemeetsbagel.com/bagels/matched/3206136,C:\Dropbox\projects-python\automated-testing\images\3206136-1.jpg,C:\Dropbox\projects-python\automated-testing\images\3206136-2.jpg,C:\Dropbox\projects-python\automated-testing\images\3206136-3.jpg,C:\Dropbox\projects-python\automated-testing\images\3206136-4.jpg
3183306,Private until connected,30 (Virgo),"5'2""","Manhattan, NY","I am devoted to my friends, always up for adventures, optimist
I look cute and petite
I like Discovering hidden restaurants, Music, Volunteering to help the disadvantaged
I appreciate when my date Tries something new with me, Remember small details, Keeps it honest and down to earth",Bank of Montreal,Christian,United States,N/A,"['NYU/Bachelors', 'William C. Bryant High School/High school']",Asian,Legal Associate,https://coffeemeetsbagel.com/bagels/matched/3183306,C:\Dropbox\projects-python\automated-testing\images\3183306-1.jpg,C:\Dropbox\projects-python\automated-testing\images\3183306-2.jpg,C:\Dropbox\projects-python\automated-testing\images\3183306-3.jpg,C:\Dropbox\projects-python\automated-testing\images\3183306-4.jpg
3133461,Private until connected,28 (Libra),"5'2""","Oakland, NJ","I am open minded, considerate, adventurous, a spontaneous planner, a realistic optimist
I like traveling, spending time with friends and family, trying out new places to eat, broadway shows and classical concerts
I appreciate when my date values his faith, is understanding, has a good sense of humor, honest and open",-,Christian,United States,Korean,['Carnegie Mellon University/Bachelors'],Asian,-,https://coffeemeetsbagel.com/bagels/matched/3133461,C:\Dropbox\projects-python\automated-testing\images\3133461-1.jpg,C:\Dropbox\projects-python\automated-testing\images\3133461-2.jpg,C:\Dropbox\projects-python\automated-testing\images\3133461-3.jpg,
3104899,Private until connected,29 (Capricorn),"5'3""","Queens, NY","I am sugar and spice and everything nice, a good catch (or so I've been told!)
I look like the woman of your dreams, /(O.O)\
I like preparing and eating scrumptious dishes, exploring new adventures, smiling :)
I appreciate when my date is fun-loving, has a good sense of humor, kind, and has a heart for God",N/A,Christian,United States,Korean American,"['Binghamton University/Bachelors', 'City College of New York/Masters']",Asian,Teacher,https://coffeemeetsbagel.com/bagels/matched/3104899,C:\Dropbox\projects-python\automated-testing\images\3104899-1.jpg,C:\Dropbox\projects-python\automated-testing\images\3104899-2.jpg,C:\Dropbox\projects-python\automated-testing\images\3104899-3.jpg,C:\Dropbox\projects-python\automated-testing\images\3104899-4.jpg
3080428,Private until connected,28 (Gemini),"5'5""","Queens, NY","I am Easygoing, bubbly
I look cute
I like Dancing, reading, outdoor activities
I appreciate when my date be honest with his feelings",Index,Spiritual but not religious,United States,N/A,"['University of Rochester/Masters', 'William E. Simon Graduate School of Business Administration/Masters']",Asian,Consultant,https://coffeemeetsbagel.com/bagels/matched/3080428,C:\Dropbox\projects-python\automated-testing\images\3080428-1.jpg,C:\Dropbox\projects-python\automated-testing\images\3080428-2.jpg,C:\Dropbox\projects-python\automated-testing\images\3080428-3.jpg,C:\Dropbox\projects-python\automated-testing\images\3080428-4.jpg
3079268,Private until connected,30 (Scorpio),"5'4""","Manhattan, NY","I am a foodie, an aspiring photographer, totally gullible
I look happiest in the kitchen, confident, serious but I'm a total goofball
I like getting to know people over good food, storytelling through photographs, traveling and exploring new cultures
I appreciate when my date takes initiative, excited to try new things, can tell a great story",Starcom,Christian,United States,Korean,['University of Southern California/Bachelors'],Asian,Media Strategy,https://coffeemeetsbagel.com/bagels/matched/3079268,C:\Dropbox\projects-python\automated-testing\images\3079268-1.jpg,C:\Dropbox\projects-python\automated-testing\images\3079268-2.jpg,C:\Dropbox\projects-python\automated-testing\images\3079268-3.jpg,C:\Dropbox\projects-python\automated-testing\images\3079268-4.jpg
3067678,Private until connected,28 (Cancer),"5'6""","Manhattan, NY","I am fun, direct
I look asian
I like traveling, sports, action movies
I appreciate when my date has a sense of humor and is punctual. Can hold a conversation.",N/A,Christian,United States,N/A,['Columbia University in the City of New York/Masters'],Asian,Banking,https://coffeemeetsbagel.com/bagels/matched/3067678,C:\Dropbox\projects-python\automated-testing\images\3067678-1.jpg,C:\Dropbox\projects-python\automated-testing\images\3067678-2.jpg,C:\Dropbox\projects-python\automated-testing\images\3067678-3.jpg,C:\Dropbox\projects-python\automated-testing\images\3067678-4.jpg
3029179,Private until connected,28 (Aquarius),"5'2""","Flushing, NY","I am highly perceptive, considerate, down to earth, and not afraid to be silly.
I look forward. Why look back? You've been there already!
I like good eats, dancing, laughing, sporty activities, reading cmb profiles and keeping busy.
I appreciate when my date is accepting of my busy schedule ;P Laid back, knows how to have a good time, witty, assertive, and plans the night out.",N/A,Christian,United States,Korean,['University at Buffalo/Bachelors'],Asian,Healthcare,https://coffeemeetsbagel.com/bagels/matched/3029179,C:\Dropbox\projects-python\automated-testing\images\3029179-1.jpg,C:\Dropbox\projects-python\automated-testing\images\3029179-2.jpg,C:\Dropbox\projects-python\automated-testing\images\3029179-3.jpg,C:\Dropbox\projects-python\automated-testing\images\3029179-4.jpg
2953034,Private until connected,30 (Virgo),"5'4""","Manhattan, NY","I am A Jesus lover <33, Jet Setter, An ENFJ
I look like I know what I'm doing most of the time , when I really don't know what I am doing at all, joyful
I like Cheering for the underdogs (we are the titans...!), Dancing like it's 1999, Food crawls
I appreciate when my date Makes me laugh , Opens the door for others, Cultured; a constant learner & explorer of the world",N/A,Christian,United States,Korean,['New York University/Bachelors'],Asian,Best job in the world! Feel free to ask~,https://coffeemeetsbagel.com/bagels/matched/2953034,C:\Dropbox\projects-python\automated-testing\images\2953034-1.jpg,C:\Dropbox\projects-python\automated-testing\images\2953034-2.jpg,C:\Dropbox\projects-python\automated-testing\images\2953034-3.jpg,C:\Dropbox\projects-python\automated-testing\images\2953034-4.jpg
2952967,Private until connected,30 (Scorpio),"5'5""","New York, NY","I am easy to get along with, loyal, always up for a good laugh
I look friendly, slender, much like my pictures
I like exploring and trying new things in and outside of the city, going to concerts, the arts (museums, the ballet), being active (yoga, going for walks or a run in Central Park, playing sports, being outdoors), fashion, traveling, baking and cooking on occasion - i love trying out new recipes!
I appreciate when my date is honest and easygoing, has a great sense of humor and a positive outlook on things, is a gentleman and respectful, active, confident and takes initiative, and has an adventurous spirit",N/A,Christian,United States,Korean,"['University of the Sciences in Philadelphia/Other', 'Philadelphia College of Pharmacy/Other']",Asian,Pharmaceutical industry,https://coffeemeetsbagel.com/bagels/matched/2952967,C:\Dropbox\projects-python\automated-testing\images\2952967-1.jpg,C:\Dropbox\projects-python\automated-testing\images\2952967-2.jpg,C:\Dropbox\projects-python\automated-testing\images\2952967-3.jpg,C:\Dropbox\projects-python\automated-testing\images\2952967-4.jpg
2951282,Private until connected,28 (Leo),"5'6""","Manhattan, NY","I am Shy at first
I look Slim, Dark brown eyes, 120lbs
I like Singing, Hang out with friends, Classic music",Fti consulting,Neither religious nor spiritual,,N/A,['Baruch College/Bachelors'],Asian,Accountant,https://coffeemeetsbagel.com/bagels/matched/2951282,C:\Dropbox\projects-python\automated-testing\images\2951282-1.jpg,C:\Dropbox\projects-python\automated-testing\images\2951282-2.jpg,C:\Dropbox\projects-python\automated-testing\images\2951282-3.jpg,C:\Dropbox\projects-python\automated-testing\images\2951282-4.jpg
2940658,Private until connected,29 (Aries),"5'4""","Manhattan, NY","I am enthusiastic and a glass half full kind of person, down to earth but a little OCD, loving and loyal and follow through on my commitments
I look smiley and joyful, feminine with a curvy figure and bouncy curly hair
I like figuring out what's in a yummy dish I eat at a restaurant so I can re-make it at home, styling my friends and giving them a boost of self confidence, taking long strolls around the city and getting to know new neighborhoods
I appreciate when my date is adventurous when it comes to food and likes to try new things in general, is confident and takes the lead and at the same time respectful and considerate, is silly and playful but also likes deep thoughtful discussions",N/A,Christian,United States,Taiwanese-American,"['Massachusetts Institute of Technology (MIT)/Bachelors', 'Northport High School/High school']",Asian,Commercial Mixed Use Real Estate Development,https://coffeemeetsbagel.com/bagels/matched/2940658,C:\Dropbox\projects-python\automated-testing\images\2940658-1.jpg,,,
2915088,Private until connected,28 (Aries),"5'4""","Manhattan, NY","I am .
I look friendly
I like dogs, .
I appreciate when my date takes initiative, enjoys eating anything",N/A,Christian,United States,Korean,"['University of California/Bachelors', 'Irvine/Bachelors']",Asian,Health care professional,https://coffeemeetsbagel.com/bagels/matched/2915088,C:\Dropbox\projects-python\automated-testing\images\2915088-1.jpg,C:\Dropbox\projects-python\automated-testing\images\2915088-2.jpg,,
2889539,Private until connected,29 (Virgo),"5'3""","New York, NY","I am never boring or bored, always looking for new ideas, an aspiring artist
I look skinny but toned, great in red
I like crime shows and stories, quirky and artsy movies, staying healthy and active
I appreciate when my date knows how to see humor even in down times, open-minded to take a bike ride around NYC sometimes, appreciates a great cup of coffee",,Spiritual but not religious,Hong Kong,,"['Cornell University/Bachelors', 'Harvard University/MBA']",Asian,Real Estate,https://coffeemeetsbagel.com/bagels/matched/2889539,C:\Dropbox\projects-python\automated-testing\images\2889539-1.jpg,C:\Dropbox\projects-python\automated-testing\images\2889539-2.jpg,C:\Dropbox\projects-python\automated-testing\images\2889539-3.jpg,C:\Dropbox\projects-python\automated-testing\images\2889539-4.jpg
2864395,Private until connected,28 (Libra),"5'0""","Queens, NY","I am genuine and down to earth, with a bit of sarcasm and sass along the way., optimistic, but not naive; realistic, but not jaded; independent, but not apathetic, good at not compromising my integrity and conceding to peer pressure
I look harmless
I like To be a little adventurous, try new things, and maintain a well balanced lifestyle, To enjoy the little things in life and not get caught in life's minutia
I appreciate when my date Is comfortable with who he is and doesn't take himself too seriously, Listens and communicates, Can be a mixed bag of dorky-ness, goofy-ness, and all other good-ness",JPMorgan,Spiritual but not religious,United States,Chinese,"['Columbia University/Masters', 'Columbia University/Bachelors']",Asian,Finance,https://coffeemeetsbagel.com/bagels/matched/2864395,C:\Dropbox\projects-python\automated-testing\images\2864395-1.jpg,C:\Dropbox\projects-python\automated-testing\images\2864395-2.jpg,C:\Dropbox\projects-python\automated-testing\images\2864395-3.jpg,C:\Dropbox\projects-python\automated-testing\images\2864395-4.jpg
2822991,Private until connected,30 (Gemini),"5'2""","Huntington Beach, CA","I am Laid back, Candid, Grounded in family, friends, and God
I like Sharing a sense of humor, Hiking, Having a fun night in or out,, Travel
I appreciate when my date practices modern-day chivalry, is down to earth, is genuine",Fashion brand,Christian,United States,Chinese/Taiwanese,['University of Illinois at Urbana-Champaign/Bachelors'],Asian,Marketing,https://coffeemeetsbagel.com/bagels/matched/2822991,C:\Dropbox\projects-python\automated-testing\images\2822991-1.jpg,C:\Dropbox\projects-python\automated-testing\images\2822991-2.jpg,C:\Dropbox\projects-python\automated-testing\images\2822991-3.jpg,C:\Dropbox\projects-python\automated-testing\images\2822991-4.jpg
2813676,Private until connected,30 (Gemini),"5'5""","Manhattan, NY","I am a hopeless romantic, Manages to smile in any situation, Humble
I look intimidating to some, and innocent to some
I like to snowboard in the winter, and play volleyball in the summer, all around love anything active, DIYs, enjoys cooking
I appreciate when my date takes an initiative, Knows how to have fun, Appreciative",Entertainment industry,Christian,,N/A,"['Baruch College/Bachelors', 'Bayside High School/High school']",Asian,Accountant,https://coffeemeetsbagel.com/bagels/matched/2813676,C:\Dropbox\projects-python\automated-testing\images\2813676-1.jpg,C:\Dropbox\projects-python\automated-testing\images\2813676-2.jpg,C:\Dropbox\projects-python\automated-testing\images\2813676-3.jpg,C:\Dropbox\projects-python\automated-testing\images\2813676-4.jpg
2774749,Private until connected,29 (Pisces),"5'3""","New York, NY","I am shy at first, sometimes talkative, easy going
I look skinny, tan, petite
I like eating good food, movie and music, outdoor activities
I appreciate when my date keeps it honest, be optimistic, takes the initiative",N/A,Spiritual but not religious,,N/A,"['Carnegie Mellon University/Masters', 'Sun Yat-sen University/Bachelors', 'Shenzhen Middle School/High school']",Asian,N/A,https://coffeemeetsbagel.com/bagels/matched/2774749,C:\Dropbox\projects-python\automated-testing\images\2774749-1.jpg,C:\Dropbox\projects-python\automated-testing\images\2774749-2.jpg,C:\Dropbox\projects-python\automated-testing\images\2774749-3.jpg,C:\Dropbox\projects-python\automated-testing\images\2774749-4.jpg
2761650,Private until connected,29 (Leo),"5'5""","Manhattan, NY","I am overall pretty preppy but always love shorts and a t-shirt, generally put together, open to trying new things
I look for the best in people
I like laying out with a good book, dancing , curling up in bed with HBOGo or Netflix
I appreciate when my date is chivarlrous and takes initiative, is passionate about the things he does, has a good group of friends",Weill-Cornell Medical Center,Christian,United States,Korean-American,"['Virginia Commonwealth University/Other', 'University of Virginia/Bachelors']",Asian,Pharmacist,https://coffeemeetsbagel.com/bagels/matched/2761650,C:\Dropbox\projects-python\automated-testing\images\2761650-1.jpg,C:\Dropbox\projects-python\automated-testing\images\2761650-2.jpg,C:\Dropbox\projects-python\automated-testing\images\2761650-3.jpg,C:\Dropbox\projects-python\automated-testing\images\2761650-4.jpg
2735220,Private until connected,28 (Taurus),"5'3""","Brooklyn, NY","I am Passionate about my career, happy, strong minded
I look normal, petite, asian
I like chocolate, engaging in meaningful conversations, traveling
I appreciate when my date Is honest, intelligent and charming, Or simply makes me smile",N/A,Other,United States,N/A,"['Columbia University/Masters', 'Hunter College/Bachelors']",Asian,"Teacher, Founder, Director",https://coffeemeetsbagel.com/bagels/matched/2735220,C:\Dropbox\projects-python\automated-testing\images\2735220-1.jpg,C:\Dropbox\projects-python\automated-testing\images\2735220-2.jpg,C:\Dropbox\projects-python\automated-testing\images\2735220-3.jpg,C:\Dropbox\projects-python\automated-testing\images\2735220-4.jpg
2708517,Private until connected,27 (Libra),"5'6""","Manhattan, NY","I am horrible at lying, approachable and friendly, a lover of all things food related
I look younger than I am, happy most of the time, angry when i'm not smiling
I like pancakes for breakfast, lunch, and dinner.
I appreciate when my date is decisive and takes initiative, can hold an interesting conversation, is respectful",N/A,Christian,United States,Korean,['Boston University/Bachelors'],Asian,Event Marketing,https://coffeemeetsbagel.com/bagels/matched/2708517,C:\Dropbox\projects-python\automated-testing\images\2708517-1.jpg,C:\Dropbox\projects-python\automated-testing\images\2708517-2.jpg,C:\Dropbox\projects-python\automated-testing\images\2708517-3.jpg,
