7 Days Ago,Year Ago EPS,Up Last 7 Days,Down Last 30 Days,header,EPS Actual,EPS Est,Surprise %,Next Year,Low Estimate,Price/Earnings (avg. for comparison categories),section,Year Ago Sales,Past 5 Years (per annum),30 Days Ago,Current Estimate,Difference,Sales Growth (year/est),This Year,symbol,Avg. Estimate,90 Days Ago,60 Days Ago,No. of Analysts,Down Last 90 Days,Next Qtr.,Up Last 30 Days,PEG Ratio (avg. for comparison categories),High Estimate,Current Qtr.,Next 5 Years (per annum)
,,,,Current Qtr. Jun 14,,,,,,,Earnings Est,,,,,,,,AAPL,1.22,,,,,,,,,,
,,,,Next Qtr. Sep 14,,,,,,,Earnings Est,,,,,,,,AAPL,1.34,,,,,,,,,,
,,,,Current Year Sep 14,,,,,,,Earnings Est,,,,,,,,AAPL,6.31,,,,,,,,,,
,,,,Next Year Sep 15,,,,,,,Earnings Est,,,,,,,,AAPL,6.88,,,,,,,,,,
,,,,Current Qtr. Jun 14,,,,,,,Earnings Est,,,,,,,,AAPL,,,,45.00,,,,,,,
,,,,Next Qtr. Sep 14,,,,,,,Earnings Est,,,,,,,,AAPL,,,,45.00,,,,,,,
,,,,Current Year Sep 14,,,,,,,Earnings Est,,,,,,,,AAPL,,,,51.00,,,,,,,
,,,,Next Year Sep 15,,,,,,,Earnings Est,,,,,,,,AAPL,,,,50.00,,,,,,,
,,,,Current Qtr. Jun 14,,,,,1.14,,Earnings Est,,,,,,,,AAPL,,,,,,,,,,,
,,,,Next Qtr. Sep 14,,,,,1.16,,Earnings Est,,,,,,,,AAPL,,,,,,,,,,,
,,,,Current Year Sep 14,,,,,6.11,,Earnings Est,,,,,,,,AAPL,,,,,,,,,,,
,,,,Next Year Sep 15,,,,,5.88,,Earnings Est,,,,,,,,AAPL,,,,,,,,,,,
,,,,Current Qtr. Jun 14,,,,,,,Earnings Est,,,,,,,,AAPL,,,,,,,,,1.36,,
,,,,Next Qtr. Sep 14,,,,,,,Earnings Est,,,,,,,,AAPL,,,,,,,,,1.55,,
,,,,Current Year Sep 14,,,,,,,Earnings Est,,,,,,,,AAPL,,,,,,,,,6.52,,
,,,,Next Year Sep 15,,,,,,,Earnings Est,,,,,,,,AAPL,,,,,,,,,7.80,,
,1.07,,,Current Qtr. Jun 14,,,,,,,Earnings Est,,,,,,,,AAPL,,,,,,,,,,,
,1.18,,,Next Qtr. Sep 14,,,,,,,Earnings Est,,,,,,,,AAPL,,,,,,,,,,,
,5.68,,,Current Year Sep 14,,,,,,,Earnings Est,,,,,,,,AAPL,,,,,,,,,,,
,6.31,,,Next Year Sep 15,,,,,,,Earnings Est,,,,,,,,AAPL,,,,,,,,,,,
,,,,Current Qtr. Jun 14,,,,,,,Revenue Est,,,,,,,,AAPL,37.82B,,,,,,,,,,
,,,,Next Qtr. Sep 14,,,,,,,Revenue Est,,,,,,,,AAPL,40.58B,,,,,,,,,,
,,,,Current Year Sep 14,,,,,,,Revenue Est,,,,,,,,AAPL,181.63B,,,,,,,,,,
,,,,Next Year Sep 15,,,,,,,Revenue Est,,,,,,,,AAPL,194.17B,,,,,,,,,,
,,,,Current Qtr. Jun 14,,,,,,,Revenue Est,,,,,,,,AAPL,,,,42,,,,,,,
,,,,Next Qtr. Sep 14,,,,,,,Revenue Est,,,,,,,,AAPL,,,,42,,,,,,,
,,,,Current Year Sep 14,,,,,,,Revenue Est,,,,,,,,AAPL,,,,50,,,,,,,
,,,,Current Qtr. Jun 14,,,,,,,Earnings Est,,,,,,,,MCD,1.44,,,,,,,,,,
,,,,Next Qtr. Sep 14,,,,,,,Earnings Est,,,,,,,,MCD,1.62,,,,,,,,,,
,,,,Current Year Dec 14,,,,,,,Earnings Est,,,,,,,,MCD,5.76,,,,,,,,,,
,,,,Next Year Dec 15,,,,,,,Earnings Est,,,,,,,,MCD,6.26,,,,,,,,,,
,,,,Current Qtr. Jun 14,,,,,,,Earnings Est,,,,,,,,MCD,,,,24.00,,,,,,,
,,,,Next Qtr. Sep 14,,,,,,,Earnings Est,,,,,,,,MCD,,,,24.00,,,,,,,
,,,,Current Year Dec 14,,,,,,,Earnings Est,,,,,,,,MCD,,,,28.00,,,,,,,
,,,,Next Year Dec 15,,,,,,,Earnings Est,,,,,,,,MCD,,,,28.00,,,,,,,
,,,,Current Qtr. Jun 14,,,,,1.41,,Earnings Est,,,,,,,,MCD,,,,,,,,,,,
,,,,Next Qtr. Sep 14,,,,,1.57,,Earnings Est,,,,,,,,MCD,,,,,,,,,,,
,,,,Current Year Dec 14,,,,,5.66,,Earnings Est,,,,,,,,MCD,,,,,,,,,,,
,,,,Next Year Dec 15,,,,,6.12,,Earnings Est,,,,,,,,MCD,,,,,,,,,,,
,,,,Current Qtr. Jun 14,,,,,,,Earnings Est,,,,,,,,MCD,,,,,,,,,1.48,,
,,,,Next Qtr. Sep 14,,,,,,,Earnings Est,,,,,,,,MCD,,,,,,,,,1.64,,
,,,,Current Qtr. Jun 14,,,,,,,Earnings Est,,,,,,,,YELP,-0.03,,,,,,,,,,
,,,,Next Qtr. Sep 14,,,,,,,Earnings Est,,,,,,,,YELP,0.00,,,,,,,,,,
,,,,Current Year Dec 14,,,,,,,Earnings Est,,,,,,,,YELP,-0.03,,,,,,,,,,
,,,,Next Year Dec 15,,,,,,,Earnings Est,,,,,,,,YELP,0.32,,,,,,,,,,
,,,,Current Qtr. Jun 14,,,,,,,Earnings Est,,,,,,,,YELP,,,,28.00,,,,,,,
,,,,Next Qtr. Sep 14,,,,,,,Earnings Est,,,,,,,,YELP,,,,28.00,,,,,,,
,,,,Current Year Dec 14,,,,,,,Earnings Est,,,,,,,,YELP,,,,28.00,,,,,,,
,,,,Next Year Sep 15,,,,,,,Revenue Est,,,,,,,,AAPL,,,,50,,,,,,,
,,,,Current Qtr. Jun 14,,,,,36.58B,,Revenue Est,,,,,,,,AAPL,,,,,,,,,,,
,,,,Next Qtr. Sep 14,,,,,36.80B,,Revenue Est,,,,,,,,AAPL,,,,,,,,,,,
,,,,Current Year Sep 14,,,,,177.78B,,Revenue Est,,,,,,,,AAPL,,,,,,,,,,,
,,,,Next Year Sep 15,,,,,181.94B,,Revenue Est,,,,,,,,AAPL,,,,,,,,,,,
,,,,Current Qtr. Jun 14,,,,,,,Revenue Est,,,,,,,,AAPL,,,,,,,,,40.05B,,
,,,,Next Qtr. Sep 14,,,,,,,Revenue Est,,,,,,,,AAPL,,,,,,,,,46.60B,,
,,,,Current Year Sep 14,,,,,,,Revenue Est,,,,,,,,AAPL,,,,,,,,,186.86B,,
,,,,Next Year Sep 15,,,,,,,Revenue Est,,,,,,,,AAPL,,,,,,,,,210.84B,,
,,,,Current Year Dec 14,,,,,,,Earnings Est,,,,,,,,MCD,,,,,,,,,5.87,,
,,,,Next Year Dec 15,,,,,,,Earnings Est,,,,,,,,MCD,,,,,,,,,6.55,,
,1.38,,,Current Qtr. Jun 14,,,,,,,Earnings Est,,,,,,,,MCD,,,,,,,,,,,
,1.52,,,Next Qtr. Sep 14,,,,,,,Earnings Est,,,,,,,,MCD,,,,,,,,,,,
,5.55,,,Current Year Dec 14,,,,,,,Earnings Est,,,,,,,,MCD,,,,,,,,,,,
,5.76,,,Next Year Dec 15,,,,,,,Earnings Est,,,,,,,,MCD,,,,,,,,,,,
,,,,Current Qtr. Jun 14,,,,,,,Revenue Est,,,,,,,,MCD,7.28B,,,,,,,,,,
,,,,Next Qtr. Sep 14,,,,,,,Revenue Est,,,,,,,,MCD,7.60B,,,,,,,,,,
,,,,Current Year Dec 14,,,,,,,Revenue Est,,,,,,,,MCD,28.92B,,,,,,,,,,
,,,,Next Year Dec 15,,,,,,,Revenue Est,,,,,,,,MCD,29.72B,,,,,,,,,,
,,,,Current Qtr. Jun 14,,,,,,,Revenue Est,,,,,,,,MCD,,,,19,,,,,,,
,,,,Next Qtr. Sep 14,,,,,,,Revenue Est,,,,,,,,MCD,,,,19,,,,,,,
,,,,Current Year Dec 14,,,,,,,Revenue Est,,,,,,,,MCD,,,,24,,,,,,,
,,,,Next Year Dec 15,,,,,,,Earnings Est,,,,,,,,YELP,,,,28.00,,,,,,,
,,,,Current Qtr. Jun 14,,,,,-0.06,,Earnings Est,,,,,,,,YELP,,,,,,,,,,,
,,,,Next Qtr. Sep 14,,,,,-0.03,,Earnings Est,,,,,,,,YELP,,,,,,,,,,,
,,,,Current Year Dec 14,,,,,-0.09,,Earnings Est,,,,,,,,YELP,,,,,,,,,,,
,,,,Next Year Dec 15,,,,,0.13,,Earnings Est,,,,,,,,YELP,,,,,,,,,,,
,,,,Current Qtr. Jun 14,,,,,,,Earnings Est,,,,,,,,YELP,,,,,,,,,-0.02,,
,,,,Next Qtr. Sep 14,,,,,,,Earnings Est,,,,,,,,YELP,,,,,,,,,0.02,,
,,,,Current Year Dec 14,,,,,,,Earnings Est,,,,,,,,YELP,,,,,,,,,0.01,,
,,,,Next Year Dec 15,,,,,,,Earnings Est,,,,,,,,YELP,,,,,,,,,0.52,,
,-0.01,,,Current Qtr. Jun 14,,,,,,,Earnings Est,,,,,,,,YELP,,,,,,,,,,,
,-0.04,,,Next Qtr. Sep 14,,,,,,,Earnings Est,,,,,,,,YELP,,,,,,,,,,,
,-0.15,,,Current Year Dec 14,,,,,,,Earnings Est,,,,,,,,YELP,,,,,,,,,,,
,-0.03,,,Next Year Dec 15,,,,,,,Earnings Est,,,,,,,,YELP,,,,,,,,,,,
,,,,Current Qtr. Jun 14,,,,,,,Revenue Est,,,,,,,,YELP,86.27M,,,,,,,,,,
,,,,Next Qtr. Sep 14,,,,,,,Revenue Est,,,,,,,,YELP,95.39M,,,,,,,,,,
,,,,Current Year Dec 14,,,,,,,Revenue Est,,,,,,,,YELP,365.93M,,,,,,,,,,
,,,,Next Year Dec 15,,,,,,,Revenue Est,,,,,,,,YELP,524.24M,,,,,,,,,,
,,,,Current Qtr. Jun 14,,,,,,,Revenue Est,,,,,,,,YELP,,,,31,,,,,,,
,,,,Next Qtr. Sep 14,,,,,,,Revenue Est,,,,,,,,YELP,,,,31,,,,,,,
,,,,Current Year Dec 14,,,,,,,Revenue Est,,,,,,,,YELP,,,,32,,,,,,,
,,,,Next Year Dec 15,,,,,,,Revenue Est,,,,,,,,YELP,,,,32,,,,,,,
,,,,Current Qtr. Jun 14,,,,,83.90M,,Revenue Est,,,,,,,,YELP,,,,,,,,,,,
,,,,Current Qtr. Jul 14,,,,,,,Earnings Est,,,,,,,,JCP,-0.94,,,,,,,,,,
,,,,Next Qtr. Oct 14,,,,,,,Earnings Est,,,,,,,,JCP,-0.84,,,,,,,,,,
,,,,Current Year Jan 15,,,,,,,Earnings Est,,,,,,,,JCP,-2.79,,,,,,,,,,
,,,,Next Year Jan 16,,,,,,,Earnings Est,,,,,,,,JCP,-1.33,,,,,,,,,,
,,,,Current Qtr. Jul 14,,,,,,,Earnings Est,,,,,,,,JCP,,,,17.00,,,,,,,
,,,,Next Qtr. Oct 14,,,,,,,Earnings Est,,,,,,,,JCP,,,,16.00,,,,,,,
,,,,Current Year Jan 15,,,,,,,Earnings Est,,,,,,,,JCP,,,,18.00,,,,,,,
,,,,Next Year Jan 16,,,,,,,Earnings Est,,,,,,,,JCP,,,,17.00,,,,,,,
,,,,Current Qtr. Jul 14,,,,,-1.17,,Earnings Est,,,,,,,,JCP,,,,,,,,,,,
,,,,Next Qtr. Oct 14,,,,,-1.10,,Earnings Est,,,,,,,,JCP,,,,,,,,,,,
,,,,Current Year Jan 15,,,,,-3.60,,Earnings Est,,,,,,,,JCP,,,,,,,,,,,
,,,,Next Year Jan 16,,,,,-2.24,,Earnings Est,,,,,,,,JCP,,,,,,,,,,,
,,,,Current Qtr. Jul 14,,,,,,,Earnings Est,,,,,,,,JCP,,,,,,,,,-0.65,,
,,,,Next Qtr. Oct 14,,,,,,,Earnings Est,,,,,,,,JCP,,,,,,,,,-0.60,,
,,,,Current Qtr. Jun 14,,,,,,,Revenue Est,35.32B,,,,,,,AAPL,,,,,,,,,,,
,,,,Next Qtr. Sep 14,,,,,,,Revenue Est,37.47B,,,,,,,AAPL,,,,,,,,,,,
,,,,Current Year Sep 14,,,,,,,Revenue Est,170.91B,,,,,,,AAPL,,,,,,,,,,,
,,,,Next Year Sep 15,,,,,,,Revenue Est,181.63B,,,,,,,AAPL,,,,,,,,,,,
,,,,Current Qtr. Jun 14,,,,,,,Revenue Est,,,,,,7.10%,,AAPL,,,,,,,,,,,
,,,,Next Qtr. Sep 14,,,,,,,Revenue Est,,,,,,8.30%,,AAPL,,,,,,,,,,,
,,,,Current Year Sep 14,,,,,,,Revenue Est,,,,,,6.30%,,AAPL,,,,,,,,,,,
,,,,Next Year Sep 15,,,,,,,Revenue Est,,,,,,6.90%,,AAPL,,,,,,,,,,,
,,,,Jun 13,,1.05,,,,,Earnings History,,,,,,,,AAPL,,,,,,,,,,,
,,,,Sep 13,,1.14,,,,,Earnings History,,,,,,,,AAPL,,,,,,,,,,,
,,,,Dec 13,,2.01,,,,,Earnings History,,,,,,,,AAPL,,,,,,,,,,,
,,,,Mar 14,,1.46,,,,,Earnings History,,,,,,,,AAPL,,,,,,,,,,,
,,,,Jun 13,1.07,,,,,,Earnings History,,,,,,,,AAPL,,,,,,,,,,,
,,,,Next Year Dec 15,,,,,,,Revenue Est,,,,,,,,MCD,,,,24,,,,,,,
,,,,Current Qtr. Jun 14,,,,,7.10B,,Revenue Est,,,,,,,,MCD,,,,,,,,,,,
,,,,Next Qtr. Sep 14,,,,,7.45B,,Revenue Est,,,,,,,,MCD,,,,,,,,,,,
,,,,Current Year Dec 14,,,,,28.32B,,Revenue Est,,,,,,,,MCD,,,,,,,,,,,
,,,,Next Year Dec 15,,,,,28.32B,,Revenue Est,,,,,,,,MCD,,,,,,,,,,,
,,,,Current Qtr. Jun 14,,,,,,,Revenue Est,,,,,,,,MCD,,,,,,,,,7.46B,,
,,,,Next Qtr. Sep 14,,,,,,,Revenue Est,,,,,,,,MCD,,,,,,,,,7.76B,,
,,,,Current Year Dec 14,,,,,,,Revenue Est,,,,,,,,MCD,,,,,,,,,29.37B,,
,,,,Next Year Dec 15,,,,,,,Revenue Est,,,,,,,,MCD,,,,,,,,,30.71B,,
,,,,Current Qtr. Jun 14,,,,,,,Revenue Est,7.08B,,,,,,,MCD,,,,,,,,,,,
,,,,Next Qtr. Sep 14,,,,,,,Revenue Est,7.32B,,,,,,,MCD,,,,,,,,,,,
,,,,Current Year Dec 14,,,,,,,Revenue Est,28.11B,,,,,,,MCD,,,,,,,,,,,
,,,,Next Year Dec 15,,,,,,,Revenue Est,28.92B,,,,,,,MCD,,,,,,,,,,,
,,,,Current Qtr. Jun 14,,,,,,,Revenue Est,,,,,,2.80%,,MCD,,,,,,,,,,,
,,,,Next Qtr. Sep 14,,,,,93.00M,,Revenue Est,,,,,,,,YELP,,,,,,,,,,,
,,,,Current Year Dec 14,,,,,355.60M,,Revenue Est,,,,,,,,YELP,,,,,,,,,,,
,,,,Next Year Dec 15,,,,,459.53M,,Revenue Est,,,,,,,,YELP,,,,,,,,,,,
,,,,Current Qtr. Jun 14,,,,,,,Revenue Est,,,,,,,,YELP,,,,,,,,,88.50M,,
,,,,Next Qtr. Sep 14,,,,,,,Revenue Est,,,,,,,,YELP,,,,,,,,,96.80M,,
,,,,Current Year Dec 14,,,,,,,Revenue Est,,,,,,,,YELP,,,,,,,,,371.17M,,
,,,,Next Year Dec 15,,,,,,,Revenue Est,,,,,,,,YELP,,,,,,,,,551.05M,,
,,,,Current Qtr. Jun 14,,,,,,,Revenue Est,55.02M,,,,,,,YELP,,,,,,,,,,,
,,,,Next Qtr. Sep 14,,,,,,,Revenue Est,61.18M,,,,,,,YELP,,,,,,,,,,,
,,,,Current Year Dec 14,,,,,,,Revenue Est,232.99M,,,,,,,YELP,,,,,,,,,,,
,,,,Next Year Dec 15,,,,,,,Revenue Est,365.93M,,,,,,,YELP,,,,,,,,,,,
,,,,Current Qtr. Jun 14,,,,,,,Revenue Est,,,,,,56.80%,,YELP,,,,,,,,,,,
,,,,Next Qtr. Sep 14,,,,,,,Revenue Est,,,,,,55.90%,,YELP,,,,,,,,,,,
,,,,Current Year Jan 15,,,,,,,Earnings Est,,,,,,,,JCP,,,,,,,,,-2.20,,
,,,,Next Year Jan 16,,,,,,,Earnings Est,,,,,,,,JCP,,,,,,,,,-0.80,,
,-2.20,,,Current Qtr. Jul 14,,,,,,,Earnings Est,,,,,,,,JCP,,,,,,,,,,,
,-1.85,,,Next Qtr. Oct 14,,,,,,,Earnings Est,,,,,,,,JCP,,,,,,,,,,,
,-6.10,,,Current Year Jan 15,,,,,,,Earnings Est,,,,,,,,JCP,,,,,,,,,,,
,-2.79,,,Next Year Jan 16,,,,,,,Earnings Est,,,,,,,,JCP,,,,,,,,,,,
,,,,Current Qtr. Jul 14,,,,,,,Revenue Est,,,,,,,,JCP,2.78B,,,,,,,,,,
,,,,Next Qtr. Oct 14,,,,,,,Revenue Est,,,,,,,,JCP,2.88B,,,,,,,,,,
,,,,Current Year Jan 15,,,,,,,Revenue Est,,,,,,,,JCP,12.41B,,,,,,,,,,
,,,,Next Year Jan 16,,,,,,,Revenue Est,,,,,,,,JCP,12.94B,,,,,,,,,,
,,,,Current Qtr. Jul 14,,,,,,,Revenue Est,,,,,,,,JCP,,,,23,,,,,,,
,,,,Next Qtr. Oct 14,,,,,,,Revenue Est,,,,,,,,JCP,,,,22,,,,,,,
,,,,Current Year Jan 15,,,,,,,Revenue Est,,,,,,,,JCP,,,,25,,,,,,,
,,,,Next Year Jan 16,,,,,,,Revenue Est,,,,,,,,JCP,,,,23,,,,,,,
,,,,Current Qtr. Jul 14,,,,,2.71B,,Revenue Est,,,,,,,,JCP,,,,,,,,,,,
,,,,Next Qtr. Oct 14,,,,,2.75B,,Revenue Est,,,,,,,,JCP,,,,,,,,,,,
,,,,Current Year Jan 15,,,,,12.09B,,Revenue Est,,,,,,,,JCP,,,,,,,,,,,
,,,,Next Year Jan 16,,,,,12.46B,,Revenue Est,,,,,,,,JCP,,,,,,,,,,,
,,,,Current Qtr. Jul 14,,,,,,,Revenue Est,,,,,,,,JCP,,,,,,,,,2.86B,,
,,,,Current Qtr. Jun 14,,,,,,,Earnings Est,,,,,,,,COH,0.53,,,,,,,,,,
,,,,Next Qtr. Sep 14,,,,,,,Earnings Est,,,,,,,,COH,0.50,,,,,,,,,,
,,,,Current Year Jun 14,,,,,,,Earnings Est,,,,,,,,COH,3.04,,,,,,,,,,
,,,,Next Year Jun 15,,,,,,,Earnings Est,,,,,,,,COH,2.19,,,,,,,,,,
,,,,Current Qtr. Jun 14,,,,,,,Earnings Est,,,,,,,,COH,,,,34.00,,,,,,,
,,,,Next Qtr. Sep 14,,,,,,,Earnings Est,,,,,,,,COH,,,,23.00,,,,,,,
,,,,Current Year Jun 14,,,,,,,Earnings Est,,,,,,,,COH,,,,39.00,,,,,,,
,,,,Next Year Jun 15,,,,,,,Earnings Est,,,,,,,,COH,,,,39.00,,,,,,,
,,,,Current Qtr. Jun 14,,,,,0.42,,Earnings Est,,,,,,,,COH,,,,,,,,,,,
,,,,Next Qtr. Sep 14,,,,,0.32,,Earnings Est,,,,,,,,COH,,,,,,,,,,,
,,,,Current Year Jun 14,,,,,2.93,,Earnings Est,,,,,,,,COH,,,,,,,,,,,
,,,,Sep 13,1.18,,,,,,Earnings History,,,,,,,,AAPL,,,,,,,,,,,
,,,,Dec 13,2.07,,,,,,Earnings History,,,,,,,,AAPL,,,,,,,,,,,
,,,,Mar 14,1.66,,,,,,Earnings History,,,,,,,,AAPL,,,,,,,,,,,
,,,,Jun 13,,,,,,,Earnings History,,,,,0.02,,,AAPL,,,,,,,,,,,
,,,,Sep 13,,,,,,,Earnings History,,,,,0.04,,,AAPL,,,,,,,,,,,
,,,,Dec 13,,,,,,,Earnings History,,,,,0.06,,,AAPL,,,,,,,,,,,
,,,,Mar 14,,,,,,,Earnings History,,,,,0.20,,,AAPL,,,,,,,,,,,
,,,,Jun 13,,,1.90%,,,,Earnings History,,,,,,,,AAPL,,,,,,,,,,,
,,,,Sep 13,,,3.50%,,,,Earnings History,,,,,,,,AAPL,,,,,,,,,,,
,,,,Dec 13,,,3.00%,,,,Earnings History,,,,,,,,AAPL,,,,,,,,,,,
,,,,Mar 14,,,13.70%,,,,Earnings History,,,,,,,,AAPL,,,,,,,,,,,
,,,,Current Qtr. Jun 14,,,,,,,EPS Trends,,,,1.22,,,,AAPL,,,,,,,,,,,
,,,,Next Qtr. Sep 14,,,,,,,EPS Trends,,,,1.34,,,,AAPL,,,,,,,,,,,
,,,,Next Qtr. Sep 14,,,,,,,Revenue Est,,,,,,3.80%,,MCD,,,,,,,,,,,
,,,,Current Year Dec 14,,,,,,,Revenue Est,,,,,,2.90%,,MCD,,,,,,,,,,,
,,,,Next Year Dec 15,,,,,,,Revenue Est,,,,,,2.80%,,MCD,,,,,,,,,,,
,,,,Jun 13,,1.40,,,,,Earnings History,,,,,,,,MCD,,,,,,,,,,,
,,,,Sep 13,,1.51,,,,,Earnings History,,,,,,,,MCD,,,,,,,,,,,
,,,,Dec 13,,1.39,,,,,Earnings History,,,,,,,,MCD,,,,,,,,,,,
,,,,Mar 14,,1.24,,,,,Earnings History,,,,,,,,MCD,,,,,,,,,,,
,,,,Jun 13,1.38,,,,,,Earnings History,,,,,,,,MCD,,,,,,,,,,,
,,,,Sep 13,1.52,,,,,,Earnings History,,,,,,,,MCD,,,,,,,,,,,
,,,,Dec 13,1.40,,,,,,Earnings History,,,,,,,,MCD,,,,,,,,,,,
,,,,Mar 14,1.21,,,,,,Earnings History,,,,,,,,MCD,,,,,,,,,,,
,,,,Jun 13,,,,,,,Earnings History,,,,,-0.02,,,MCD,,,,,,,,,,,
,,,,Sep 13,,,,,,,Earnings History,,,,,0.01,,,MCD,,,,,,,,,,,
,,,,Dec 13,,,,,,,Earnings History,,,,,0.01,,,MCD,,,,,,,,,,,
,,,,Mar 14,,,,,,,Earnings History,,,,,-0.03,,,MCD,,,,,,,,,,,
,,,,Jun 13,,,-1.40%,,,,Earnings History,,,,,,,,MCD,,,,,,,,,,,
,,,,Sep 13,,,0.70%,,,,Earnings History,,,,,,,,MCD,,,,,,,,,,,
,,,,Dec 13,,,0.70%,,,,Earnings History,,,,,,,,MCD,,,,,,,,,,,
,,,,Mar 14,,,-2.40%,,,,Earnings History,,,,,,,,MCD,,,,,,,,,,,
,,,,Current Qtr. Jun 14,,,,,,,EPS Trends,,,,1.44,,,,MCD,,,,,,,,,,,
,,,,Next Qtr. Sep 14,,,,,,,EPS Trends,,,,1.62,,,,MCD,,,,,,,,,,,
,,,,Current Year Dec 14,,,,,,,EPS Trends,,,,5.76,,,,MCD,,,,,,,,,,,
,,,,Current Year Dec 14,,,,,,,Revenue Est,,,,,,57.10%,,YELP,,,,,,,,,,,
,,,,Next Year Dec 15,,,,,,,Revenue Est,,,,,,43.30%,,YELP,,,,,,,,,,,
,,,,Jun 13,,-0.04,,,,,Earnings History,,,,,,,,YELP,,,,,,,,,,,
,,,,Sep 13,,-0.01,,,,,Earnings History,,,,,,,,YELP,,,,,,,,,,,
,,,,Dec 13,,-0.03,,,,,Earnings History,,,,,,,,YELP,,,,,,,,,,,
,,,,Mar 14,,-0.06,,,,,Earnings History,,,,,,,,YELP,,,,,,,,,,,
,,,,Jun 13,-0.01,,,,,,Earnings History,,,,,,,,YELP,,,,,,,,,,,
,,,,Sep 13,-0.04,,,,,,Earnings History,,,,,,,,YELP,,,,,,,,,,,
,,,,Dec 13,-0.03,,,,,,Earnings History,,,,,,,,YELP,,,,,,,,,,,
,,,,Mar 14,-0.04,,,,,,Earnings History,,,,,,,,YELP,,,,,,,,,,,
,,,,Jun 13,,,,,,,Earnings History,,,,,0.03,,,YELP,,,,,,,,,,,
,,,,Sep 13,,,,,,,Earnings History,,,,,-0.03,,,YELP,,,,,,,,,,,
,,,,Next Qtr. Oct 14,,,,,,,Revenue Est,,,,,,,,JCP,,,,,,,,,3.00B,,
,,,,Current Year Jan 15,,,,,,,Revenue Est,,,,,,,,JCP,,,,,,,,,13.05B,,
,,,,Next Year Jan 16,,,,,,,Revenue Est,,,,,,,,JCP,,,,,,,,,13.70B,,
,,,,Current Qtr. Jul 14,,,,,,,Revenue Est,2.66B,,,,,,,JCP,,,,,,,,,,,
,,,,Next Qtr. Oct 14,,,,,,,Revenue Est,2.78B,,,,,,,JCP,,,,,,,,,,,
,,,,Current Year Jan 15,,,,,,,Revenue Est,11.86B,,,,,,,JCP,,,,,,,,,,,
,,,,Next Year Jan 16,,,,,,,Revenue Est,12.41B,,,,,,,JCP,,,,,,,,,,,
,,,,Current Qtr. Jul 14,,,,,,,Revenue Est,,,,,,4.50%,,JCP,,,,,,,,,,,
,,,,Next Qtr. Oct 14,,,,,,,Revenue Est,,,,,,3.50%,,JCP,,,,,,,,,,,
,,,,Current Year Jan 15,,,,,,,Revenue Est,,,,,,4.60%,,JCP,,,,,,,,,,,
,,,,Next Year Jan 16,,,,,,,Revenue Est,,,,,,4.30%,,JCP,,,,,,,,,,,
,,,,Jul 13,,-1.06,,,,,Earnings History,,,,,,,,JCP,,,,,,,,,,,
,,,,Oct 13,,-1.77,,,,,Earnings History,,,,,,,,JCP,,,,,,,,,,,
,,,,Jan 14,,-0.85,,,,,Earnings History,,,,,,,,JCP,,,,,,,,,,,
,,,,Apr 14,,-1.25,,,,,Earnings History,,,,,,,,JCP,,,,,,,,,,,
,,,,Jul 13,-2.20,,,,,,Earnings History,,,,,,,,JCP,,,,,,,,,,,
,,,,Next Year Jun 15,,,,,1.65,,Earnings Est,,,,,,,,COH,,,,,,,,,,,
,,,,Current Qtr. Jun 14,,,,,,,Earnings Est,,,,,,,,COH,,,,,,,,,0.59,,
,,,,Next Qtr. Sep 14,,,,,,,Earnings Est,,,,,,,,COH,,,,,,,,,0.67,,
,,,,Current Year Jun 14,,,,,,,Earnings Est,,,,,,,,COH,,,,,,,,,3.10,,
,,,,Next Year Jun 15,,,,,,,Earnings Est,,,,,,,,COH,,,,,,,,,3.65,,
,0.89,,,Current Qtr. Jun 14,,,,,,,Earnings Est,,,,,,,,COH,,,,,,,,,,,
,0.77,,,Next Qtr. Sep 14,,,,,,,Earnings Est,,,,,,,,COH,,,,,,,,,,,
,3.73,,,Current Year Jun 14,,,,,,,Earnings Est,,,,,,,,COH,,,,,,,,,,,
,3.04,,,Next Year Jun 15,,,,,,,Earnings Est,,,,,,,,COH,,,,,,,,,,,
,,,,Current Qtr. Jun 14,,,,,,,Revenue Est,,,,,,,,COH,1.10B,,,,,,,,,,
,,,,Next Qtr. Sep 14,,,,,,,Revenue Est,,,,,,,,COH,1.03B,,,,,,,,,,
,,,,Current Year Jun 14,,,,,,,Revenue Est,,,,,,,,COH,4.77B,,,,,,,,,,
,,,,Next Year Jun 15,,,,,,,Revenue Est,,,,,,,,COH,4.38B,,,,,,,,,,
,,,,Current Qtr. Jun 14,,,,,,,Revenue Est,,,,,,,,COH,,,,30,,,,,,,
,,,,Next Qtr. Sep 14,,,,,,,Revenue Est,,,,,,,,COH,,,,20,,,,,,,
,,,,Current Year Jun 14,,,,,,,Revenue Est,,,,,,,,COH,,,,35,,,,,,,
,,,,Next Year Jun 15,,,,,,,Revenue Est,,,,,,,,COH,,,,35,,,,,,,
,,,,Current Qtr. Jun 14,,,,,1.04B,,Revenue Est,,,,,,,,COH,,,,,,,,,,,
,,,,Next Qtr. Sep 14,,,,,954.20M,,Revenue Est,,,,,,,,COH,,,,,,,,,,,
,,,,Current Year Jun 14,,,,,4.71B,,Revenue Est,,,,,,,,COH,,,,,,,,,,,
,,,,Next Year Jun 15,,,,,4.04B,,Revenue Est,,,,,,,,COH,,,,,,,,,,,
,,,,Current Qtr. Jun 14,,,,,,,Revenue Est,,,,,,,,COH,,,,,,,,,1.15B,,
,,,,Next Qtr. Sep 14,,,,,,,Revenue Est,,,,,,,,COH,,,,,,,,,1.11B,,
,,,,Current Year Sep 14,,,,,,,EPS Trends,,,,6.31,,,,AAPL,,,,,,,,,,,
,,,,Next Year Sep 15,,,,,,,EPS Trends,,,,6.88,,,,AAPL,,,,,,,,,,,
1.22,,,,Current Qtr. Jun 14,,,,,,,EPS Trends,,,,,,,,AAPL,,,,,,,,,,,
1.34,,,,Next Qtr. Sep 14,,,,,,,EPS Trends,,,,,,,,AAPL,,,,,,,,,,,
6.31,,,,Current Year Sep 14,,,,,,,EPS Trends,,,,,,,,AAPL,,,,,,,,,,,
6.88,,,,Next Year Sep 15,,,,,,,EPS Trends,,,,,,,,AAPL,,,,,,,,,,,
,,,,Current Qtr. Jun 14,,,,,,,EPS Trends,,,1.22,,,,,AAPL,,,,,,,,,,,
,,,,Next Qtr. Sep 14,,,,,,,EPS Trends,,,1.33,,,,,AAPL,,,,,,,,,,,
,,,,Current Year Sep 14,,,,,,,EPS Trends,,,6.30,,,,,AAPL,,,,,,,,,,,
,,,,Next Year Sep 15,,,,,,,EPS Trends,,,6.84,,,,,AAPL,,,,,,,,,,,
,,,,Next Year Dec 15,,,,,,,EPS Trends,,,,6.26,,,,MCD,,,,,,,,,,,
1.44,,,,Current Qtr. Jun 14,,,,,,,EPS Trends,,,,,,,,MCD,,,,,,,,,,,
1.62,,,,Next Qtr. Sep 14,,,,,,,EPS Trends,,,,,,,,MCD,,,,,,,,,,,
5.75,,,,Current Year Dec 14,,,,,,,EPS Trends,,,,,,,,MCD,,,,,,,,,,,
6.27,,,,Next Year Dec 15,,,,,,,EPS Trends,,,,,,,,MCD,,,,,,,,,,,
,,,,Current Qtr. Jun 14,,,,,,,EPS Trends,,,1.44,,,,,MCD,,,,,,,,,,,
,,,,Next Qtr. Sep 14,,,,,,,EPS Trends,,,1.62,,,,,MCD,,,,,,,,,,,
,,,,Current Year Dec 14,,,,,,,EPS Trends,,,5.76,,,,,MCD,,,,,,,,,,,
,,,,Next Year Dec 15,,,,,,,EPS Trends,,,6.25,,,,,MCD,,,,,,,,,,,
,,,,Current Qtr. Jun 14,,,,,,,EPS Trends,,,,,,,,MCD,,,1.46,,,,,,,,
,,,,Next Qtr. Sep 14,,,,,,,EPS Trends,,,,,,,,MCD,,,1.62,,,,,,,,
,,,,Current Year Dec 14,,,,,,,EPS Trends,,,,,,,,MCD,,,5.80,,,,,,,,
,,,,Next Year Dec 15,,,,,,,EPS Trends,,,,,,,,MCD,,,6.29,,,,,,,,
,,,,Current Qtr. Jun 14,,,,,,,EPS Trends,,,,,,,,MCD,,1.46,,,,,,,,,
,,,,Next Qtr. Sep 14,,,,,,,EPS Trends,,,,,,,,MCD,,1.62,,,,,,,,,
,,,,Current Year Dec 14,,,,,,,EPS Trends,,,,,,,,MCD,,5.82,,,,,,,,,
,,,,Next Year Dec 15,,,,,,,EPS Trends,,,,,,,,MCD,,6.32,,,,,,,,,
,,0,,Current Qtr. Jun 14,,,,,,,EPS Revisions,,,,,,,,MCD,,,,,,,,,,,
,,0,,Next Qtr. Sep 14,,,,,,,EPS Revisions,,,,,,,,MCD,,,,,,,,,,,
,,0,,Current Year Dec 14,,,,,,,EPS Revisions,,,,,,,,MCD,,,,,,,,,,,
,,0,,Next Year Dec 15,,,,,,,EPS Revisions,,,,,,,,MCD,,,,,,,,,,,
,,,,Current Qtr. Jun 14,,,,,,,EPS Revisions,,,,,,,,MCD,,,,,,,1,,,,
,,,,Next Qtr. Sep 14,,,,,,,EPS Revisions,,,,,,,,MCD,,,,,,,1,,,,
,,,,Current Year Dec 14,,,,,,,EPS Revisions,,,,,,,,MCD,,,,,,,2,,,,
,,,,Dec 13,,,,,,,Earnings History,,,,,0.00,,,YELP,,,,,,,,,,,
,,,,Mar 14,,,,,,,Earnings History,,,,,0.02,,,YELP,,,,,,,,,,,
,,,,Jun 13,,,75.00%,,,,Earnings History,,,,,,,,YELP,,,,,,,,,,,
,,,,Sep 13,,,-300.00%,,,,Earnings History,,,,,,,,YELP,,,,,,,,,,,
,,,,Dec 13,,,0.00%,,,,Earnings History,,,,,,,,YELP,,,,,,,,,,,
,,,,Mar 14,,,33.30%,,,,Earnings History,,,,,,,,YELP,,,,,,,,,,,
,,,,Current Qtr. Jun 14,,,,,,,EPS Trends,,,,-0.03,,,,YELP,,,,,,,,,,,
,,,,Next Qtr. Sep 14,,,,,,,EPS Trends,,,,0.00,,,,YELP,,,,,,,,,,,
,,,,Current Year Dec 14,,,,,,,EPS Trends,,,,-0.03,,,,YELP,,,,,,,,,,,
,,,,Next Year Dec 15,,,,,,,EPS Trends,,,,0.32,,,,YELP,,,,,,,,,,,
-0.03,,,,Current Qtr. Jun 14,,,,,,,EPS Trends,,,,,,,,YELP,,,,,,,,,,,
0.00,,,,Next Qtr. Sep 14,,,,,,,EPS Trends,,,,,,,,YELP,,,,,,,,,,,
-0.03,,,,Current Year Dec 14,,,,,,,EPS Trends,,,,,,,,YELP,,,,,,,,,,,
0.32,,,,Next Year Dec 15,,,,,,,EPS Trends,,,,,,,,YELP,,,,,,,,,,,
,,,,Current Qtr. Jun 14,,,,,,,EPS Trends,,,-0.03,,,,,YELP,,,,,,,,,,,
,,,,Next Qtr. Sep 14,,,,,,,EPS Trends,,,0.00,,,,,YELP,,,,,,,,,,,
,,,,Current Year Dec 14,,,,,,,EPS Trends,,,-0.03,,,,,YELP,,,,,,,,,,,
,,,,Next Year Dec 15,,,,,,,EPS Trends,,,0.32,,,,,YELP,,,,,,,,,,,
,,,,Current Qtr. Jun 14,,,,,,,EPS Trends,,,,,,,,YELP,,,-0.02,,,,,,,,
,,,,Next Qtr. Sep 14,,,,,,,EPS Trends,,,,,,,,YELP,,,0.00,,,,,,,,
,,,,Current Year Dec 14,,,,,,,EPS Trends,,,,,,,,YELP,,,-0.04,,,,,,,,
,,,,Next Year Dec 15,,,,,,,EPS Trends,,,,,,,,YELP,,,0.37,,,,,,,,
,,,,Current Qtr. Jun 14,,,,,,,EPS Trends,,,,,,,,YELP,,-0.02,,,,,,,,,
,,,,Oct 13,-1.85,,,,,,Earnings History,,,,,,,,JCP,,,,,,,,,,,
,,,,Jan 14,-0.76,,,,,,Earnings History,,,,,,,,JCP,,,,,,,,,,,
,,,,Apr 14,-1.16,,,,,,Earnings History,,,,,,,,JCP,,,,,,,,,,,
,,,,Jul 13,,,,,,,Earnings History,,,,,-1.14,,,JCP,,,,,,,,,,,
,,,,Current Year Jun 14,,,,,,,Revenue Est,,,,,,,,COH,,,,,,,,,4.82B,,
,,,,Next Year Jun 15,,,,,,,Revenue Est,,,,,,,,COH,,,,,,,,,5.10B,,
,,,,Current Qtr. Jun 14,,,,,,,Revenue Est,1.22B,,,,,,,COH,,,,,,,,,,,
,,,,Next Qtr. Sep 14,,,,,,,Revenue Est,1.15B,,,,,,,COH,,,,,,,,,,,
,,,,Current Year Jun 14,,,,,,,Revenue Est,5.08B,,,,,,,COH,,,,,,,,,,,
,,,,Next Year Jun 15,,,,,,,Revenue Est,4.77B,,,,,,,COH,,,,,,,,,,,
,,,,Current Qtr. Jun 14,,,,,,,Revenue Est,,,,,,-10.20%,,COH,,,,,,,,,,,
,,,,Next Qtr. Sep 14,,,,,,,Revenue Est,,,,,,-10.50%,,COH,,,,,,,,,,,
,,,,Current Year Jun 14,,,,,,,Revenue Est,,,,,,-6.10%,,COH,,,,,,,,,,,
,,,,Next Year Jun 15,,,,,,,Revenue Est,,,,,,-8.20%,,COH,,,,,,,,,,,
,,,,Jun 13,,0.89,,,,,Earnings History,,,,,,,,COH,,,,,,,,,,,
,,,,Sep 13,,0.76,,,,,Earnings History,,,,,,,,COH,,,,,,,,,,,
,,,,Dec 13,,1.11,,,,,Earnings History,,,,,,,,COH,,,,,,,,,,,
,,,,Mar 14,,0.61,,,,,Earnings History,,,,,,,,COH,,,,,,,,,,,
,,,,Jun 13,0.89,,,,,,Earnings History,,,,,,,,COH,,,,,,,,,,,
,,,,Sep 13,0.77,,,,,,Earnings History,,,,,,,,COH,,,,,,,,,,,
,,,,Dec 13,1.06,,,,,,Earnings History,,,,,,,,COH,,,,,,,,,,,
,,,,Mar 14,0.68,,,,,,Earnings History,,,,,,,,COH,,,,,,,,,,,
,,,,Jun 13,,,,,,,Earnings History,,,,,0.00,,,COH,,,,,,,,,,,
,,,,Sep 13,,,,,,,Earnings History,,,,,0.01,,,COH,,,,,,,,,,,
,,,,Dec 13,,,,,,,Earnings History,,,,,-0.05,,,COH,,,,,,,,,,,
,,,,Mar 14,,,,,,,Earnings History,,,,,0.07,,,COH,,,,,,,,,,,
,,,,Jun 13,,,0.00%,,,,Earnings History,,,,,,,,COH,,,,,,,,,,,
,,,,Sep 13,,,1.30%,,,,Earnings History,,,,,,,,COH,,,,,,,,,,,
,,,,Current Qtr. Jun 14,,,,,,,EPS Trends,,,,,,,,AAPL,,,1.21,,,,,,,,
,,,,Next Qtr. Sep 14,,,,,,,EPS Trends,,,,,,,,AAPL,,,1.33,,,,,,,,
,,,,Current Year Sep 14,,,,,,,EPS Trends,,,,,,,,AAPL,,,6.09,,,,,,,,
,,,,Next Year Sep 15,,,,,,,EPS Trends,,,,,,,,AAPL,,,6.66,,,,,,,,
,,,,Current Qtr. Jun 14,,,,,,,EPS Trends,,,,,,,,AAPL,,1.23,,,,,,,,,
,,,,Next Qtr. Sep 14,,,,,,,EPS Trends,,,,,,,,AAPL,,1.35,,,,,,,,,
,,,,Current Year Sep 14,,,,,,,EPS Trends,,,,,,,,AAPL,,6.12,,,,,,,,,
,,,,Next Year Sep 15,,,,,,,EPS Trends,,,,,,,,AAPL,,6.64,,,,,,,,,
,,0,,Current Qtr. Jun 14,,,,,,,EPS Revisions,,,,,,,,AAPL,,,,,,,,,,,
,,0,,Next Qtr. Sep 14,,,,,,,EPS Revisions,,,,,,,,AAPL,,,,,,,,,,,
,,0,,Current Year Sep 14,,,,,,,EPS Revisions,,,,,,,,AAPL,,,,,,,,,,,
,,0,,Next Year Sep 15,,,,,,,EPS Revisions,,,,,,,,AAPL,,,,,,,,,,,
,,,,Current Qtr. Jun 14,,,,,,,EPS Revisions,,,,,,,,AAPL,,,,,,,7,,,,
,,,,Next Qtr. Sep 14,,,,,,,EPS Revisions,,,,,,,,AAPL,,,,,,,6,,,,
,,,,Current Year Sep 14,,,,,,,EPS Revisions,,,,,,,,AAPL,,,,,,,10,,,,
,,,,Next Year Sep 15,,,,,,,EPS Revisions,,,,,,,,AAPL,,,,,,,13,,,,
,,,0,Current Qtr. Jun 14,,,,,,,EPS Revisions,,,,,,,,AAPL,,,,,,,,,,,
,,,0,Next Qtr. Sep 14,,,,,,,EPS Revisions,,,,,,,,AAPL,,,,,,,,,,,
,,,0,Current Year Sep 14,,,,,,,EPS Revisions,,,,,,,,AAPL,,,,,,,,,,,
,,,1,Next Year Sep 15,,,,,,,EPS Revisions,,,,,,,,AAPL,,,,,,,,,,,
,,,,Current Qtr. Jun 14,,,,,,,EPS Revisions,,,,,,,,AAPL,,,,,N/A,,,,,,
,,,,Next Qtr. Sep 14,,,,,,,EPS Revisions,,,,,,,,AAPL,,,,,N/A,,,,,,
,,,,Current Year Sep 14,,,,,,,EPS Revisions,,,,,,,,AAPL,,,,,N/A,,,,,,
,,,,Next Year Sep 15,,,,,,,EPS Revisions,,,,,,,,AAPL,,,,,N/A,,,,,,
,,,,Next Year Dec 15,,,,,,,EPS Revisions,,,,,,,,MCD,,,,,,,7,,,,
,,,,Next Qtr. Sep 14,,,,,,,EPS Trends,,,,,,,,YELP,,0.00,,,,,,,,,
,,,,Current Year Dec 14,,,,,,,EPS Trends,,,,,,,,YELP,,-0.04,,,,,,,,,
,,,,Next Year Dec 15,,,,,,,EPS Trends,,,,,,,,YELP,,0.37,,,,,,,,,
,,0,,Current Qtr. Jun 14,,,,,,,EPS Revisions,,,,,,,,YELP,,,,,,,,,,,
,,0,,Next Qtr. Sep 14,,,,,,,EPS Revisions,,,,,,,,YELP,,,,,,,,,,,
,,0,,Current Year Dec 14,,,,,,,EPS Revisions,,,,,,,,YELP,,,,,,,,,,,
,,0,,Next Year Dec 15,,,,,,,EPS Revisions,,,,,,,,YELP,,,,,,,,,,,
,,,,Current Qtr. Jun 14,,,,,,,EPS Revisions,,,,,,,,YELP,,,,,,,0,,,,
,,,,Next Qtr. Sep 14,,,,,,,EPS Revisions,,,,,,,,YELP,,,,,,,0,,,,
,,,,Current Year Dec 14,,,,,,,EPS Revisions,,,,,,,,YELP,,,,,,,0,,,,
,,,,Next Year Dec 15,,,,,,,EPS Revisions,,,,,,,,YELP,,,,,,,1,,,,
,,,0,Current Qtr. Jun 14,,,,,,,EPS Revisions,,,,,,,,YELP,,,,,,,,,,,
,,,0,Next Qtr. Sep 14,,,,,,,EPS Revisions,,,,,,,,YELP,,,,,,,,,,,
,,,0,Current Year Dec 14,,,,,,,EPS Revisions,,,,,,,,YELP,,,,,,,,,,,
,,,0,Next Year Dec 15,,,,,,,EPS Revisions,,,,,,,,YELP,,,,,,,,,,,
,,,,Current Qtr. Jun 14,,,,,,,EPS Revisions,,,,,,,,YELP,,,,,N/A,,,,,,
,,,,Next Qtr. Sep 14,,,,,,,EPS Revisions,,,,,,,,YELP,,,,,N/A,,,,,,
,,,,Current Year Dec 14,,,,,,,EPS Revisions,,,,,,,,YELP,,,,,N/A,,,,,,
,,,,Next Year Dec 15,,,,,,,EPS Revisions,,,,,,,,YELP,,,,,N/A,,,,,,
,,,,YELP,,,,,,,Growth Est,,,,,,,,YELP,,,,,,,,,,-200.00%,
,,,,Oct 13,,,,,,,Earnings History,,,,,-0.08,,,JCP,,,,,,,,,,,
,,,,Jan 14,,,,,,,Earnings History,,,,,0.09,,,JCP,,,,,,,,,,,
,,,,Apr 14,,,,,,,Earnings History,,,,,0.09,,,JCP,,,,,,,,,,,
,,,,Jul 13,,,-107.50%,,,,Earnings History,,,,,,,,JCP,,,,,,,,,,,
,,,,Oct 13,,,-4.50%,,,,Earnings History,,,,,,,,JCP,,,,,,,,,,,
,,,,Jan 14,,,10.60%,,,,Earnings History,,,,,,,,JCP,,,,,,,,,,,
,,,,Apr 14,,,7.20%,,,,Earnings History,,,,,,,,JCP,,,,,,,,,,,
,,,,Current Qtr. Jul 14,,,,,,,EPS Trends,,,,-0.94,,,,JCP,,,,,,,,,,,
,,,,Next Qtr. Oct 14,,,,,,,EPS Trends,,,,-0.84,,,,JCP,,,,,,,,,,,
,,,,Current Year Jan 15,,,,,,,EPS Trends,,,,-2.79,,,,JCP,,,,,,,,,,,
,,,,Next Year Jan 16,,,,,,,EPS Trends,,,,-1.33,,,,JCP,,,,,,,,,,,
-0.94,,,,Current Qtr. Jul 14,,,,,,,EPS Trends,,,,,,,,JCP,,,,,,,,,,,
-0.84,,,,Next Qtr. Oct 14,,,,,,,EPS Trends,,,,,,,,JCP,,,,,,,,,,,
-2.79,,,,Current Year Jan 15,,,,,,,EPS Trends,,,,,,,,JCP,,,,,,,,,,,
-1.33,,,,Next Year Jan 16,,,,,,,EPS Trends,,,,,,,,JCP,,,,,,,,,,,
,,,,Current Qtr. Jul 14,,,,,,,EPS Trends,,,-0.94,,,,,JCP,,,,,,,,,,,
,,,,Next Qtr. Oct 14,,,,,,,EPS Trends,,,-0.84,,,,,JCP,,,,,,,,,,,
,,,,Current Year Jan 15,,,,,,,EPS Trends,,,-2.84,,,,,JCP,,,,,,,,,,,
,,,,Next Year Jan 16,,,,,,,EPS Trends,,,-1.33,,,,,JCP,,,,,,,,,,,
,,,,Current Qtr. Jul 14,,,,,,,EPS Trends,,,,,,,,JCP,,,-1.09,,,,,,,,
,,,,Next Qtr. Oct 14,,,,,,,EPS Trends,,,,,,,,JCP,,,-0.86,,,,,,,,
,,,,Current Year Jan 15,,,,,,,EPS Trends,,,,,,,,JCP,,,-2.98,,,,,,,,
,,,,Dec 13,,,-4.50%,,,,Earnings History,,,,,,,,COH,,,,,,,,,,,
,,,,Mar 14,,,11.50%,,,,Earnings History,,,,,,,,COH,,,,,,,,,,,
,,,,Current Qtr. Jun 14,,,,,,,EPS Trends,,,,0.53,,,,COH,,,,,,,,,,,
,,,,Next Qtr. Sep 14,,,,,,,EPS Trends,,,,0.50,,,,COH,,,,,,,,,,,
,,,,Current Year Jun 14,,,,,,,EPS Trends,,,,3.04,,,,COH,,,,,,,,,,,
,,,,Next Year Jun 15,,,,,,,EPS Trends,,,,2.19,,,,COH,,,,,,,,,,,
0.54,,,,Current Qtr. Jun 14,,,,,,,EPS Trends,,,,,,,,COH,,,,,,,,,,,
0.62,,,,Next Qtr. Sep 14,,,,,,,EPS Trends,,,,,,,,COH,,,,,,,,,,,
3.05,,,,Current Year Jun 14,,,,,,,EPS Trends,,,,,,,,COH,,,,,,,,,,,
2.79,,,,Next Year Jun 15,,,,,,,EPS Trends,,,,,,,,COH,,,,,,,,,,,
,,,,Current Qtr. Jun 14,,,,,,,EPS Trends,,,0.54,,,,,COH,,,,,,,,,,,
,,,,AAPL,,,,,,,Growth Est,,,,,,,,AAPL,,,,,,,,,,14.00%,
,,,,Industry,,,,,,,Growth Est,,,,,,,,AAPL,,,,,,,,,,102.90%,
,,,,Sector,,,,,,,Growth Est,,,,,,,,AAPL,,,,,,,,,,N/A,
,,,,S&P 500,,,,,,,Growth Est,,,,,,,,AAPL,,,,,,,,,,12.30%,
,,,,AAPL,,,,,,,Growth Est,,,,,,,,AAPL,,,,,,13.60%,,,,,
,,,,Industry,,,,,,,Growth Est,,,,,,,,AAPL,,,,,,87.60%,,,,,
,,,,Sector,,,,,,,Growth Est,,,,,,,,AAPL,,,,,,696.40%,,,,,
,,,,S&P 500,,,,,,,Growth Est,,,,,,,,AAPL,,,,,,16.70%,,,,,
,,,,AAPL,,,,,,,Growth Est,,,,,,,11.10%,AAPL,,,,,,,,,,,
,,,,Industry,,,,,,,Growth Est,,,,,,,9.80%,AAPL,,,,,,,,,,,
,,,,Sector,,,,,,,Growth Est,,,,,,,15.00%,AAPL,,,,,,,,,,,
,,,,S&P 500,,,,,,,Growth Est,,,,,,,7.70%,AAPL,,,,,,,,,,,
,,,,AAPL,,,,9.00%,,,Growth Est,,,,,,,,AAPL,,,,,,,,,,,
,,,,Industry,,,,-3.10%,,,Growth Est,,,,,,,,AAPL,,,,,,,,,,,
,,,,Sector,,,,25.00%,,,Growth Est,,,,,,,,AAPL,,,,,,,,,,,
,,,,S&P 500,,,,12.20%,,,Growth Est,,,,,,,,AAPL,,,,,,,,,,,
,,,,AAPL,,,,,,,Growth Est,,50.83%,,,,,,AAPL,,,,,,,,,,,
,,,,Industry,,,,,,,Growth Est,,N/A,,,,,,AAPL,,,,,,,,,,,
,,,,Sector,,,,,,,Growth Est,,N/A,,,,,,AAPL,,,,,,,,,,,
,,,,S&P 500,,,,,,,Growth Est,,N/A,,,,,,AAPL,,,,,,,,,,,
,,,,AAPL,,,,,,,Growth Est,,,,,,,,AAPL,,,,,,,,,,,15.37%
,,,,Industry,,,,,,,Growth Est,,,,,,,,AAPL,,,,,,,,,,,8.28%
,,,1,Current Qtr. Jun 14,,,,,,,EPS Revisions,,,,,,,,MCD,,,,,,,,,,,
,,,1,Next Qtr. Sep 14,,,,,,,EPS Revisions,,,,,,,,MCD,,,,,,,,,,,
,,,1,Current Year Dec 14,,,,,,,EPS Revisions,,,,,,,,MCD,,,,,,,,,,,
,,,1,Next Year Dec 15,,,,,,,EPS Revisions,,,,,,,,MCD,,,,,,,,,,,
,,,,Current Qtr. Jun 14,,,,,,,EPS Revisions,,,,,,,,MCD,,,,,N/A,,,,,,
,,,,Next Qtr. Sep 14,,,,,,,EPS Revisions,,,,,,,,MCD,,,,,N/A,,,,,,
,,,,Current Year Dec 14,,,,,,,EPS Revisions,,,,,,,,MCD,,,,,N/A,,,,,,
,,,,Next Year Dec 15,,,,,,,EPS Revisions,,,,,,,,MCD,,,,,N/A,,,,,,
,,,,MCD,,,,,,,Growth Est,,,,,,,,MCD,,,,,,,,,,4.30%,
,,,,Industry,,,,,,,Growth Est,,,,,,,,MCD,,,,,,,,,,40.70%,
,,,,Sector,,,,,,,Growth Est,,,,,,,,MCD,,,,,,,,,,-21.80%,
,,,,S&P 500,,,,,,,Growth Est,,,,,,,,MCD,,,,,,,,,,12.30%,
,,,,MCD,,,,,,,Growth Est,,,,,,,,MCD,,,,,,6.60%,,,,,
,,,,Industry,,,,,,,Growth Est,,,,,,,,MCD,,,,,,101.20%,,,,,
,,,,Sector,,,,,,,Growth Est,,,,,,,,MCD,,,,,,67.00%,,,,,
,,,,S&P 500,,,,,,,Growth Est,,,,,,,,MCD,,,,,,16.70%,,,,,
,,,,MCD,,,,,,,Growth Est,,,,,,,3.80%,MCD,,,,,,,,,,,
,,,,Industry,,,,,,,Growth Est,,,,,,,-2.50%,MCD,,,,,,,,,,,
,,,,Sector,,,,,,,Growth Est,,,,,,,4.40%,MCD,,,,,,,,,,,
,,,,S&P 500,,,,,,,Growth Est,,,,,,,7.70%,MCD,,,,,,,,,,,
,,,,MCD,,,,8.70%,,,Growth Est,,,,,,,,MCD,,,,,,,,,,,
,,,,Industry,,,,15.30%,,,Growth Est,,,,,,,,MCD,,,,,,,,,,,
,,,,Industry,,,,,,,Growth Est,,,,,,,,YELP,,,,,,,,,,-10.00%,
,,,,Sector,,,,,,,Growth Est,,,,,,,,YELP,,,,,,,,,,N/A,
,,,,S&P 500,,,,,,,Growth Est,,,,,,,,YELP,,,,,,,,,,12.30%,
,,,,YELP,,,,,,,Growth Est,,,,,,,,YELP,,,,,,100.00%,,,,,
,,,,Industry,,,,,,,Growth Est,,,,,,,,YELP,,,,,,9.40%,,,,,
,,,,Sector,,,,,,,Growth Est,,,,,,,,YELP,,,,,,696.40%,,,,,
,,,,S&P 500,,,,,,,Growth Est,,,,,,,,YELP,,,,,,16.70%,,,,,
,,,,YELP,,,,,,,Growth Est,,,,,,,80.00%,YELP,,,,,,,,,,,
,,,,Industry,,,,,,,Growth Est,,,,,,,6.40%,YELP,,,,,,,,,,,
,,,,Sector,,,,,,,Growth Est,,,,,,,15.00%,YELP,,,,,,,,,,,
,,,,S&P 500,,,,,,,Growth Est,,,,,,,7.70%,YELP,,,,,,,,,,,
,,,,YELP,,,,"1,166.70%",,,Growth Est,,,,,,,,YELP,,,,,,,,,,,
,,,,Next Year Jan 16,,,,,,,EPS Trends,,,,,,,,JCP,,,-1.22,,,,,,,,
,,,,Current Qtr. Jul 14,,,,,,,EPS Trends,,,,,,,,JCP,,-1.09,,,,,,,,,
,,,,Next Qtr. Oct 14,,,,,,,EPS Trends,,,,,,,,JCP,,-0.87,,,,,,,,,
,,,,Current Year Jan 15,,,,,,,EPS Trends,,,,,,,,JCP,,-2.93,,,,,,,,,
,,,,Next Year Jan 16,,,,,,,EPS Trends,,,,,,,,JCP,,-1.47,,,,,,,,,
,,0,,Current Qtr. Jul 14,,,,,,,EPS Revisions,,,,,,,,JCP,,,,,,,,,,,
,,0,,Next Qtr. Oct 14,,,,,,,EPS Revisions,,,,,,,,JCP,,,,,,,,,,,
,,0,,Current Year Jan 15,,,,,,,EPS Revisions,,,,,,,,JCP,,,,,,,,,,,
,,0,,Next Year Jan 16,,,,,,,EPS Revisions,,,,,,,,JCP,,,,,,,,,,,
,,,,Current Qtr. Jul 14,,,,,,,EPS Revisions,,,,,,,,JCP,,,,,,,0,,,,
,,,,Next Qtr. Oct 14,,,,,,,EPS Revisions,,,,,,,,JCP,,,,,,,0,,,,
,,,,Current Year Jan 15,,,,,,,EPS Revisions,,,,,,,,JCP,,,,,,,1,,,,
,,,,Next Year Jan 16,,,,,,,EPS Revisions,,,,,,,,JCP,,,,,,,0,,,,
,,,0,Current Qtr. Jul 14,,,,,,,EPS Revisions,,,,,,,,JCP,,,,,,,,,,,
,,,0,Next Qtr. Oct 14,,,,,,,EPS Revisions,,,,,,,,JCP,,,,,,,,,,,
,,,0,Current Year Jan 15,,,,,,,EPS Revisions,,,,,,,,JCP,,,,,,,,,,,
,,,0,Next Year Jan 16,,,,,,,EPS Revisions,,,,,,,,JCP,,,,,,,,,,,
,,,,Current Qtr. Jul 14,,,,,,,EPS Revisions,,,,,,,,JCP,,,,,N/A,,,,,,
,,,,Next Qtr. Oct 14,,,,,,,EPS Revisions,,,,,,,,JCP,,,,,N/A,,,,,,
,,,,Current Year Jan 15,,,,,,,EPS Revisions,,,,,,,,JCP,,,,,N/A,,,,,,
,,,,Next Year Jan 16,,,,,,,EPS Revisions,,,,,,,,JCP,,,,,N/A,,,,,,
,,,,JCP,,,,,,,Growth Est,,,,,,,,JCP,,,,,,,,,,57.30%,
,,,,Industry,,,,,,,Growth Est,,,,,,,,JCP,,,,,,,,,,37.60%,
,,,,Sector,,,,,,,Growth Est,,,,,,,,JCP,,,,,,,,,,-21.80%,
,,,,Next Qtr. Sep 14,,,,,,,EPS Trends,,,0.63,,,,,COH,,,,,,,,,,,
,,,,Current Year Jun 14,,,,,,,EPS Trends,,,3.05,,,,,COH,,,,,,,,,,,
,,,,Next Year Jun 15,,,,,,,EPS Trends,,,2.80,,,,,COH,,,,,,,,,,,
,,,,Current Qtr. Jun 14,,,,,,,EPS Trends,,,,,,,,COH,,,0.70,,,,,,,,
,,,,Next Qtr. Sep 14,,,,,,,EPS Trends,,,,,,,,COH,,,0.78,,,,,,,,
,,,,Current Year Jun 14,,,,,,,EPS Trends,,,,,,,,COH,,,3.14,,,,,,,,
,,,,Next Year Jun 15,,,,,,,EPS Trends,,,,,,,,COH,,,3.39,,,,,,,,
,,,,Current Qtr. Jun 14,,,,,,,EPS Trends,,,,,,,,COH,,0.70,,,,,,,,,
,,,,Next Qtr. Sep 14,,,,,,,EPS Trends,,,,,,,,COH,,0.78,,,,,,,,,
,,,,Current Year Jun 14,,,,,,,EPS Trends,,,,,,,,COH,,3.14,,,,,,,,,
,,,,Next Year Jun 15,,,,,,,EPS Trends,,,,,,,,COH,,3.40,,,,,,,,,
,,1,,Current Qtr. Jun 14,,,,,,,EPS Revisions,,,,,,,,COH,,,,,,,,,,,
,,0,,Next Qtr. Sep 14,,,,,,,EPS Revisions,,,,,,,,COH,,,,,,,,,,,
,,1,,Current Year Jun 14,,,,,,,EPS Revisions,,,,,,,,COH,,,,,,,,,,,
,,0,,Next Year Jun 15,,,,,,,EPS Revisions,,,,,,,,COH,,,,,,,,,,,
,,,,Current Qtr. Jun 14,,,,,,,EPS Revisions,,,,,,,,COH,,,,,,,1,,,,
,,,,Next Qtr. Sep 14,,,,,,,EPS Revisions,,,,,,,,COH,,,,,,,0,,,,
,,,,Sector,,,,,,,Growth Est,,,,,,,,AAPL,,,,,,,,,,,17.23%
,,,,S&P 500,,,,,,,Growth Est,,,,,,,,AAPL,,,,,,,,,,,9.74%
,,,,AAPL,,,,,,14.41,Growth Est,,,,,,,,AAPL,,,,,,,,,,,
,,,,Industry,,,,,,28.12,Growth Est,,,,,,,,AAPL,,,,,,,,,,,
,,,,Sector,,,,,,14.61,Growth Est,,,,,,,,AAPL,,,,,,,,,,,
,,,,S&P 500,,,,,,19.13,Growth Est,,,,,,,,AAPL,,,,,,,,,,,
,,,,AAPL,,,,,,,Growth Est,,,,,,,,AAPL,,,,,,,,0.94,,,
,,,,Sector,,,,19.90%,,,Growth Est,,,,,,,,MCD,,,,,,,,,,,
,,,,S&P 500,,,,12.20%,,,Growth Est,,,,,,,,MCD,,,,,,,,,,,
,,,,MCD,,,,,,,Growth Est,,7.81%,,,,,,MCD,,,,,,,,,,,
,,,,Industry,,,,,,,Growth Est,,N/A,,,,,,MCD,,,,,,,,,,,
,,,,Sector,,,,,,,Growth Est,,N/A,,,,,,MCD,,,,,,,,,,,
,,,,S&P 500,,,,,,,Growth Est,,N/A,,,,,,MCD,,,,,,,,,,,
,,,,MCD,,,,,,,Growth Est,,,,,,,,MCD,,,,,,,,,,,7.63%
,,,,Industry,,,,,,,Growth Est,,,,,,,,MCD,,,,,,,,,,,14.18%
,,,,Sector,,,,,,,Growth Est,,,,,,,,MCD,,,,,,,,,,,15.35%
,,,,S&P 500,,,,,,,Growth Est,,,,,,,,MCD,,,,,,,,,,,9.74%
,,,,MCD,,,,,,17.69,Growth Est,,,,,,,,MCD,,,,,,,,,,,
,,,,Industry,,,,,,15.85,Growth Est,,,,,,,,MCD,,,,,,,,,,,
,,,,Sector,,,,,,31.61,Growth Est,,,,,,,,MCD,,,,,,,,,,,
,,,,Industry,,,,22.10%,,,Growth Est,,,,,,,,YELP,,,,,,,,,,,
,,,,Sector,,,,25.00%,,,Growth Est,,,,,,,,YELP,,,,,,,,,,,
,,,,S&P 500,,,,12.20%,,,Growth Est,,,,,,,,YELP,,,,,,,,,,,
,,,,YELP,,,,,,,Growth Est,,0.00%,,,,,,YELP,,,,,,,,,,,
,,,,Industry,,,,,,,Growth Est,,N/A,,,,,,YELP,,,,,,,,,,,
,,,,Sector,,,,,,,Growth Est,,N/A,,,,,,YELP,,,,,,,,,,,
,,,,S&P 500,,,,,,,Growth Est,,N/A,,,,,,YELP,,,,,,,,,,,
,,,,YELP,,,,,,,Growth Est,,,,,,,,YELP,,,,,,,,,,,72.10%
,,,,Industry,,,,,,,Growth Est,,,,,,,,YELP,,,,,,,,,,,19.09%
,,,,Sector,,,,,,,Growth Est,,,,,,,,YELP,,,,,,,,,,,17.23%
,,,,S&P 500,,,,,,,Growth Est,,,,,,,,YELP,,,,,,,,,,,9.74%
,,,,YELP,,,,,,"-2,497.67",Growth Est,,,,,,,,YELP,,,,,,,,,,,
,,,,Industry,,,,,,2.72,Growth Est,,,,,,,,YELP,,,,,,,,,,,
,,,,Sector,,,,,,14.61,Growth Est,,,,,,,,YELP,,,,,,,,,,,
,,,,S&P 500,,,,,,19.13,Growth Est,,,,,,,,YELP,,,,,,,,,,,
,,,,YELP,,,,,,,Growth Est,,,,,,,,YELP,,,,,,,,-34.64,,,
,,,,Industry,,,,,,,Growth Est,,,,,,,,YELP,,,,,,,,1.10,,,
,,,,Sector,,,,,,,Growth Est,,,,,,,,YELP,,,,,,,,1.30,,,
,,,,S&P 500,,,,,,,Growth Est,,,,,,,,YELP,,,,,,,,3.81,,,
,,,,S&P 500,,,,,,,Growth Est,,,,,,,,JCP,,,,,,,,,,12.30%,
,,,,JCP,,,,,,,Growth Est,,,,,,,,JCP,,,,,,54.60%,,,,,
,,,,Industry,,,,,,,Growth Est,,,,,,,,JCP,,,,,,65.70%,,,,,
,,,,Sector,,,,,,,Growth Est,,,,,,,,JCP,,,,,,67.00%,,,,,
,,,,S&P 500,,,,,,,Growth Est,,,,,,,,JCP,,,,,,16.70%,,,,,
,,,,JCP,,,,,,,Growth Est,,,,,,,54.30%,JCP,,,,,,,,,,,
,,,,Industry,,,,,,,Growth Est,,,,,,,14.50%,JCP,,,,,,,,,,,
,,,,Current Year Jun 14,,,,,,,EPS Revisions,,,,,,,,COH,,,,,,,1,,,,
,,,,Next Year Jun 15,,,,,,,EPS Revisions,,,,,,,,COH,,,,,,,0,,,,
,,,5,Current Qtr. Jun 14,,,,,,,EPS Revisions,,,,,,,,COH,,,,,,,,,,,
,,,15,Next Qtr. Sep 14,,,,,,,EPS Revisions,,,,,,,,COH,,,,,,,,,,,
,,,6,Current Year Jun 14,,,,,,,EPS Revisions,,,,,,,,COH,,,,,,,,,,,
,,,24,Next Year Jun 15,,,,,,,EPS Revisions,,,,,,,,COH,,,,,,,,,,,
,,,,Current Qtr. Jun 14,,,,,,,EPS Revisions,,,,,,,,COH,,,,,N/A,,,,,,
,,,,Next Qtr. Sep 14,,,,,,,EPS Revisions,,,,,,,,COH,,,,,N/A,,,,,,
,,,,Current Year Jun 14,,,,,,,EPS Revisions,,,,,,,,COH,,,,,N/A,,,,,,
,,,,Next Year Jun 15,,,,,,,EPS Revisions,,,,,,,,COH,,,,,N/A,,,,,,
,,,,COH,,,,,,,Growth Est,,,,,,,,COH,,,,,,,,,,-40.40%,
,,,,Industry,,,,,,,Growth Est,,,,,,,,COH,,,,,,,,,,1.50%,
,,,,Sector,,,,,,,Growth Est,,,,,,,,COH,,,,,,,,,,58.60%,
,,,,S&P 500,,,,,,,Growth Est,,,,,,,,COH,,,,,,,,,,12.30%,
,,,,COH,,,,,,,Growth Est,,,,,,,,COH,,,,,,-35.10%,,,,,
,,,,Current Qtr. Jun 14,,,,,,,Earnings Est,,,,,,,,MSFT,0.61,,,,,,,,,,
,,,,Next Qtr. Sep 14,,,,,,,Earnings Est,,,,,,,,MSFT,0.64,,,,,,,,,,
,,,,Current Year Jun 14,,,,,,,Earnings Est,,,,,,,,MSFT,2.70,,,,,,,,,,
,,,,Next Year Jun 15,,,,,,,Earnings Est,,,,,,,,MSFT,2.87,,,,,,,,,,
,,,,Current Qtr. Jun 14,,,,,,,Earnings Est,,,,,,,,MSFT,,,,14.00,,,,,,,
,,,,Next Qtr. Sep 14,,,,,,,Earnings Est,,,,,,,,MSFT,,,,15.00,,,,,,,
,,,,Current Year Jun 14,,,,,,,Earnings Est,,,,,,,,MSFT,,,,19.00,,,,,,,
,,,,Next Year Jun 15,,,,,,,Earnings Est,,,,,,,,MSFT,,,,21.00,,,,,,,
,,,,Current Qtr. Jun 14,,,,,0.53,,Earnings Est,,,,,,,,MSFT,,,,,,,,,,,
,,,,Next Qtr. Sep 14,,,,,0.49,,Earnings Est,,,,,,,,MSFT,,,,,,,,,,,
,,,,Current Year Jun 14,,,,,2.61,,Earnings Est,,,,,,,,MSFT,,,,,,,,,,,
,,,,Next Year Jun 15,,,,,2.64,,Earnings Est,,,,,,,,MSFT,,,,,,,,,,,
,,,,Current Qtr. Jun 14,,,,,,,Earnings Est,,,,,,,,MSFT,,,,,,,,,0.65,,
,,,,Next Qtr. Sep 14,,,,,,,Earnings Est,,,,,,,,MSFT,,,,,,,,,0.73,,
,,,,Current Year Jun 14,,,,,,,Earnings Est,,,,,,,,MSFT,,,,,,,,,2.76,,
,,,,Next Year Jun 15,,,,,,,Earnings Est,,,,,,,,MSFT,,,,,,,,,3.18,,
,0.66,,,Current Qtr. Jun 14,,,,,,,Earnings Est,,,,,,,,MSFT,,,,,,,,,,,
,0.62,,,Next Qtr. Sep 14,,,,,,,Earnings Est,,,,,,,,MSFT,,,,,,,,,,,
,2.65,,,Current Year Jun 14,,,,,,,Earnings Est,,,,,,,,MSFT,,,,,,,,,,,
,2.70,,,Next Year Jun 15,,,,,,,Earnings Est,,,,,,,,MSFT,,,,,,,,,,,
,,,,Current Qtr. Jun 14,,,,,,,Revenue Est,,,,,,,,MSFT,23.12B,,,,,,,,,,
,,,,Next Qtr. Sep 14,,,,,,,Revenue Est,,,,,,,,MSFT,23.07B,,,,,,,,,,
,,,,Current Year Jun 14,,,,,,,Revenue Est,,,,,,,,MSFT,86.25B,,,,,,,,,,
,,,,Next Year Jun 15,,,,,,,Revenue Est,,,,,,,,MSFT,100.58B,,,,,,,,,,
,,,,Industry,,,,,,,Growth Est,,,,,,,,AAPL,,,,,,,,2.25,,,
,,,,Sector,,,,,,,Growth Est,,,,,,,,AAPL,,,,,,,,1.30,,,
,,,,S&P 500,,,,,,,Growth Est,,,,,,,,AAPL,,,,,,,,3.81,,,
,,,,S&P 500,,,,,,19.13,Growth Est,,,,,,,,MCD,,,,,,,,,,,
,,,,MCD,,,,,,,Growth Est,,,,,,,,MCD,,,,,,,,2.32,,,
,,,,Industry,,,,,,,Growth Est,,,,,,,,MCD,,,,,,,,4.50,,,
,,,,Sector,,,,,,,Growth Est,,,,,,,,MCD,,,,,,,,3.20,,,
,,,,S&P 500,,,,,,,Growth Est,,,,,,,,MCD,,,,,,,,3.81,,,
,,,,Sector,,,,,,,Growth Est,,,,,,,4.40%,JCP,,,,,,,,,,,
,,,,S&P 500,,,,,,,Growth Est,,,,,,,7.70%,JCP,,,,,,,,,,,
,,,,JCP,,,,52.30%,,,Growth Est,,,,,,,,JCP,,,,,,,,,,,
,,,,Industry,,,,22.40%,,,Growth Est,,,,,,,,JCP,,,,,,,,,,,
,,,,Sector,,,,19.90%,,,Growth Est,,,,,,,,JCP,,,,,,,,,,,
,,,,S&P 500,,,,12.20%,,,Growth Est,,,,,,,,JCP,,,,,,,,,,,
,,,,JCP,,,,,,,Growth Est,,-15.09%,,,,,,JCP,,,,,,,,,,,
,,,,Industry,,,,,,,Growth Est,,N/A,,,,,,JCP,,,,,,,,,,,
,,,,Sector,,,,,,,Growth Est,,N/A,,,,,,JCP,,,,,,,,,,,
,,,,S&P 500,,,,,,,Growth Est,,N/A,,,,,,JCP,,,,,,,,,,,
,,,,JCP,,,,,,,Growth Est,,,,,,,,JCP,,,,,,,,,,,-28.00%
,,,,Industry,,,,,,,Growth Est,,,,,,,,JCP,,,,,,,,,,,13.25%
,,,,Sector,,,,,,,Growth Est,,,,,,,,JCP,,,,,,,,,,,15.35%
,,,,S&P 500,,,,,,,Growth Est,,,,,,,,JCP,,,,,,,,,,,9.74%
,,,,JCP,,,,,,-3.24,Growth Est,,,,,,,,JCP,,,,,,,,,,,
,,,,Industry,,,,,,35.46,Growth Est,,,,,,,,JCP,,,,,,,,,,,
,,,,Sector,,,,,,31.61,Growth Est,,,,,,,,JCP,,,,,,,,,,,
,,,,S&P 500,,,,,,19.13,Growth Est,,,,,,,,JCP,,,,,,,,,,,
,,,,JCP,,,,,,,Growth Est,,,,,,,,JCP,,,,,,,,0.12,,,
,,,,Industry,,,,,,,Growth Est,,,,,,,,JCP,,,,,,,,2.45,,,
,,,,Sector,,,,,,,Growth Est,,,,,,,,JCP,,,,,,,,3.20,,,
,,,,Industry,,,,,,,Growth Est,,,,,,,,COH,,,,,,41.50%,,,,,
,,,,Sector,,,,,,,Growth Est,,,,,,,,COH,,,,,,71.60%,,,,,
,,,,S&P 500,,,,,,,Growth Est,,,,,,,,COH,,,,,,16.70%,,,,,
,,,,COH,,,,,,,Growth Est,,,,,,,-18.50%,COH,,,,,,,,,,,
,,,,Industry,,,,,,,Growth Est,,,,,,,6.00%,COH,,,,,,,,,,,
,,,,Sector,,,,,,,Growth Est,,,,,,,15.00%,COH,,,,,,,,,,,
,,,,S&P 500,,,,,,,Growth Est,,,,,,,7.70%,COH,,,,,,,,,,,
,,,,COH,,,,-28.00%,,,Growth Est,,,,,,,,COH,,,,,,,,,,,
,,,,Current Qtr. Jun 14,,,,,,,Revenue Est,,,,,,,,MSFT,,,,11,,,,,,,
,,,,Next Qtr. Sep 14,,,,,,,Revenue Est,,,,,,,,MSFT,,,,12,,,,,,,
,,,,Current Year Jun 14,,,,,,,Revenue Est,,,,,,,,MSFT,,,,15,,,,,,,
,,,,Next Year Jun 15,,,,,,,Revenue Est,,,,,,,,MSFT,,,,18,,,,,,,
,,,,Current Qtr. Jun 14,,,,,22.26B,,Revenue Est,,,,,,,,MSFT,,,,,,,,,,,
,,,,Next Qtr. Sep 14,,,,,21.49B,,Revenue Est,,,,,,,,MSFT,,,,,,,,,,,
,,,,Current Year Jun 14,,,,,84.06B,,Revenue Est,,,,,,,,MSFT,,,,,,,,,,,
,,,,Next Year Jun 15,,,,,88.26B,,Revenue Est,,,,,,,,MSFT,,,,,,,,,,,
,,,,Current Qtr. Jun 14,,,,,,,Revenue Est,,,,,,,,MSFT,,,,,,,,,24.37B,,
,,,,Next Qtr. Sep 14,,,,,,,Revenue Est,,,,,,,,MSFT,,,,,,,,,24.97B,,
,,,,Current Year Jun 14,,,,,,,Revenue Est,,,,,,,,MSFT,,,,,,,,,87.82B,,
,,,,Next Year Jun 15,,,,,,,Revenue Est,,,,,,,,MSFT,,,,,,,,,107.01B,,
,,,,Current Qtr. Jun 14,,,,,,,Revenue Est,19.93B,,,,,,,MSFT,,,,,,,,,,,
,,,,Next Qtr. Sep 14,,,,,,,Revenue Est,18.53B,,,,,,,MSFT,,,,,,,,,,,
,,,,Current Year Jun 14,,,,,,,Revenue Est,77.89B,,,,,,,MSFT,,,,,,,,,,,
,,,,Next Year Jun 15,,,,,,,Revenue Est,86.25B,,,,,,,MSFT,,,,,,,,,,,
,,,,S&P 500,,,,,,,Growth Est,,,,,,,,JCP,,,,,,,,3.81,,,
,,,,Industry,,,,17.10%,,,Growth Est,,,,,,,,COH,,,,,,,,,,,
,,,,Sector,,,,10.70%,,,Growth Est,,,,,,,,COH,,,,,,,,,,,
,,,,S&P 500,,,,12.20%,,,Growth Est,,,,,,,,COH,,,,,,,,,,,
,,,,COH,,,,,,,Growth Est,,15.25%,,,,,,COH,,,,,,,,,,,
,,,,Industry,,,,,,,Growth Est,,N/A,,,,,,COH,,,,,,,,,,,
,,,,Sector,,,,,,,Growth Est,,N/A,,,,,,COH,,,,,,,,,,,
,,,,S&P 500,,,,,,,Growth Est,,N/A,,,,,,COH,,,,,,,,,,,
,,,,COH,,,,,,,Growth Est,,,,,,,,COH,,,,,,,,,,,1.61%
,,,,Industry,,,,,,,Growth Est,,,,,,,,COH,,,,,,,,,,,13.83%
,,,,Sector,,,,,,,Growth Est,,,,,,,,COH,,,,,,,,,,,13.56%
,,,,S&P 500,,,,,,,Growth Est,,,,,,,,COH,,,,,,,,,,,9.74%
,,,,COH,,,,,,11.42,Growth Est,,,,,,,,COH,,,,,,,,,,,
,,,,Industry,,,,,,18.74,Growth Est,,,,,,,,COH,,,,,,,,,,,
,,,,Sector,,,,,,23.71,Growth Est,,,,,,,,COH,,,,,,,,,,,
,,,,S&P 500,,,,,,19.13,Growth Est,,,,,,,,COH,,,,,,,,,,,
,,,,COH,,,,,,,Growth Est,,,,,,,,COH,,,,,,,,7.09,,,
,,,,Industry,,,,,,,Growth Est,,,,,,,,COH,,,,,,,,1.29,,,
,,,,Sector,,,,,,,Growth Est,,,,,,,,COH,,,,,,,,2.68,,,
,,,,S&P 500,,,,,,,Growth Est,,,,,,,,COH,,,,,,,,3.81,,,
,,,,Current Qtr. Jun 14,,,,,,,Revenue Est,,,,,,16.00%,,MSFT,,,,,,,,,,,
,,,,Next Qtr. Sep 14,,,,,,,Revenue Est,,,,,,24.50%,,MSFT,,,,,,,,,,,
,,,,Current Year Jun 14,,,,,,,Revenue Est,,,,,,10.70%,,MSFT,,,,,,,,,,,
,,,,Next Year Jun 15,,,,,,,Revenue Est,,,,,,16.60%,,MSFT,,,,,,,,,,,
,,,,Jun 13,,0.75,,,,,Earnings History,,,,,,,,MSFT,,,,,,,,,,,
,,,,Sep 13,,0.54,,,,,Earnings History,,,,,,,,MSFT,,,,,,,,,,,
,,,,Dec 13,,0.68,,,,,Earnings History,,,,,,,,MSFT,,,,,,,,,,,
,,,,Mar 14,,0.63,,,,,Earnings History,,,,,,,,MSFT,,,,,,,,,,,
,,,,Jun 13,0.66,,,,,,Earnings History,,,,,,,,MSFT,,,,,,,,,,,
,,,,Sep 13,0.62,,,,,,Earnings History,,,,,,,,MSFT,,,,,,,,,,,
,,,,Dec 13,0.78,,,,,,Earnings History,,,,,,,,MSFT,,,,,,,,,,,
,,,,Mar 14,0.68,,,,,,Earnings History,,,,,,,,MSFT,,,,,,,,,,,
,,,,Jun 13,,,,,,,Earnings History,,,,,-0.09,,,MSFT,,,,,,,,,,,
,,,,Sep 13,,,,,,,Earnings History,,,,,0.08,,,MSFT,,,,,,,,,,,
,,,,Dec 13,,,,,,,Earnings History,,,,,0.10,,,MSFT,,,,,,,,,,,
,,,,Mar 14,,,,,,,Earnings History,,,,,0.05,,,MSFT,,,,,,,,,,,
,,,,Jun 13,,,-12.00%,,,,Earnings History,,,,,,,,MSFT,,,,,,,,,,,
,,,,Sep 13,,,14.80%,,,,Earnings History,,,,,,,,MSFT,,,,,,,,,,,
,,,,Dec 13,,,14.70%,,,,Earnings History,,,,,,,,MSFT,,,,,,,,,,,
,,,,Mar 14,,,7.90%,,,,Earnings History,,,,,,,,MSFT,,,,,,,,,,,
,,,,Current Qtr. Jun 14,,,,,,,EPS Trends,,,,0.61,,,,MSFT,,,,,,,,,,,
,,,,Next Qtr. Sep 14,,,,,,,EPS Trends,,,,0.64,,,,MSFT,,,,,,,,,,,
,,,,Current Year Jun 14,,,,,,,EPS Trends,,,,2.70,,,,MSFT,,,,,,,,,,,
,,,,Next Year Jun 15,,,,,,,EPS Trends,,,,2.87,,,,MSFT,,,,,,,,,,,
0.61,,,,Current Qtr. Jun 14,,,,,,,EPS Trends,,,,,,,,MSFT,,,,,,,,,,,
0.64,,,,Next Qtr. Sep 14,,,,,,,EPS Trends,,,,,,,,MSFT,,,,,,,,,,,
2.70,,,,Current Year Jun 14,,,,,,,EPS Trends,,,,,,,,MSFT,,,,,,,,,,,
2.87,,,,Next Year Jun 15,,,,,,,EPS Trends,,,,,,,,MSFT,,,,,,,,,,,
,,,,Current Qtr. Jun 14,,,,,,,EPS Trends,,,0.61,,,,,MSFT,,,,,,,,,,,
,,,,Next Qtr. Sep 14,,,,,,,EPS Trends,,,0.64,,,,,MSFT,,,,,,,,,,,
,,,,Current Year Jun 14,,,,,,,EPS Trends,,,2.70,,,,,MSFT,,,,,,,,,,,
,,,,Next Year Jun 15,,,,,,,EPS Trends,,,2.88,,,,,MSFT,,,,,,,,,,,
,,,,Current Qtr. Jun 14,,,,,,,EPS Trends,,,,,,,,MSFT,,,0.67,,,,,,,,
,,,,Next Qtr. Sep 14,,,,,,,EPS Trends,,,,,,,,MSFT,,,0.65,,,,,,,,
,,,,Current Year Jun 14,,,,,,,EPS Trends,,,,,,,,MSFT,,,2.70,,,,,,,,
,,,,Next Year Jun 15,,,,,,,EPS Trends,,,,,,,,MSFT,,,2.90,,,,,,,,
,,,,Current Qtr. Jun 14,,,,,,,EPS Trends,,,,,,,,MSFT,,0.67,,,,,,,,,
,,,,Next Qtr. Sep 14,,,,,,,EPS Trends,,,,,,,,MSFT,,0.65,,,,,,,,,
,,,,Current Year Jun 14,,,,,,,EPS Trends,,,,,,,,MSFT,,2.70,,,,,,,,,
,,,,Next Year Jun 15,,,,,,,EPS Trends,,,,,,,,MSFT,,2.90,,,,,,,,,
,,0,,Current Qtr. Jun 14,,,,,,,EPS Revisions,,,,,,,,MSFT,,,,,,,,,,,
,,0,,Next Qtr. Sep 14,,,,,,,EPS Revisions,,,,,,,,MSFT,,,,,,,,,,,
,,0,,Current Year Jun 14,,,,,,,EPS Revisions,,,,,,,,MSFT,,,,,,,,,,,
,,0,,Next Year Jun 15,,,,,,,EPS Revisions,,,,,,,,MSFT,,,,,,,,,,,
,,,,Current Qtr. Jun 14,,,,,,,EPS Revisions,,,,,,,,MSFT,,,,,,,0,,,,
,,,,Next Qtr. Sep 14,,,,,,,EPS Revisions,,,,,,,,MSFT,,,,,,,0,,,,
,,,,Current Year Jun 14,,,,,,,EPS Revisions,,,,,,,,MSFT,,,,,,,2,,,,
,,,,Next Year Jun 15,,,,,,,EPS Revisions,,,,,,,,MSFT,,,,,,,0,,,,
,,,0,Current Qtr. Jun 14,,,,,,,EPS Revisions,,,,,,,,MSFT,,,,,,,,,,,
,,,0,Next Qtr. Sep 14,,,,,,,EPS Revisions,,,,,,,,MSFT,,,,,,,,,,,
,,,0,Current Year Jun 14,,,,,,,EPS Revisions,,,,,,,,MSFT,,,,,,,,,,,
,,,0,Next Year Jun 15,,,,,,,EPS Revisions,,,,,,,,MSFT,,,,,,,,,,,
,,,,Current Qtr. Jun 14,,,,,,,EPS Revisions,,,,,,,,MSFT,,,,,N/A,,,,,,
,,,,Next Qtr. Sep 14,,,,,,,EPS Revisions,,,,,,,,MSFT,,,,,N/A,,,,,,
,,,,Current Year Jun 14,,,,,,,EPS Revisions,,,,,,,,MSFT,,,,,N/A,,,,,,
,,,,Next Year Jun 15,,,,,,,EPS Revisions,,,,,,,,MSFT,,,,,N/A,,,,,,
,,,,MSFT,,,,,,,Growth Est,,,,,,,,MSFT,,,,,,,,,,-7.60%,
,,,,Industry,,,,,,,Growth Est,,,,,,,,MSFT,,,,,,,,,,-10.00%,
,,,,Sector,,,,,,,Growth Est,,,,,,,,MSFT,,,,,,,,,,N/A,
,,,,S&P 500,,,,,,,Growth Est,,,,,,,,MSFT,,,,,,,,,,12.30%,
,,,,MSFT,,,,,,,Growth Est,,,,,,,,MSFT,,,,,,3.20%,,,,,
,,,,Industry,,,,,,,Growth Est,,,,,,,,MSFT,,,,,,9.40%,,,,,
,,,,Sector,,,,,,,Growth Est,,,,,,,,MSFT,,,,,,696.40%,,,,,
,,,,S&P 500,,,,,,,Growth Est,,,,,,,,MSFT,,,,,,16.70%,,,,,
,,,,MSFT,,,,,,,Growth Est,,,,,,,1.90%,MSFT,,,,,,,,,,,
,,,,Industry,,,,,,,Growth Est,,,,,,,6.40%,MSFT,,,,,,,,,,,
,,,,Sector,,,,,,,Growth Est,,,,,,,15.00%,MSFT,,,,,,,,,,,
,,,,S&P 500,,,,,,,Growth Est,,,,,,,7.70%,MSFT,,,,,,,,,,,
,,,,MSFT,,,,6.30%,,,Growth Est,,,,,,,,MSFT,,,,,,,,,,,
,,,,Industry,,,,22.10%,,,Growth Est,,,,,,,,MSFT,,,,,,,,,,,
,,,,Sector,,,,25.00%,,,Growth Est,,,,,,,,MSFT,,,,,,,,,,,
,,,,S&P 500,,,,12.20%,,,Growth Est,,,,,,,,MSFT,,,,,,,,,,,
,,,,MSFT,,,,,,,Growth Est,,10.52%,,,,,,MSFT,,,,,,,,,,,
,,,,Industry,,,,,,,Growth Est,,N/A,,,,,,MSFT,,,,,,,,,,,
,,,,Sector,,,,,,,Growth Est,,N/A,,,,,,MSFT,,,,,,,,,,,
,,,,S&P 500,,,,,,,Growth Est,,N/A,,,,,,MSFT,,,,,,,,,,,
,,,,MSFT,,,,,,,Growth Est,,,,,,,,MSFT,,,,,,,,,,,6.78%
,,,,Industry,,,,,,,Growth Est,,,,,,,,MSFT,,,,,,,,,,,19.09%
,,,,Sector,,,,,,,Growth Est,,,,,,,,MSFT,,,,,,,,,,,17.23%
,,,,S&P 500,,,,,,,Growth Est,,,,,,,,MSFT,,,,,,,,,,,9.74%
,,,,MSFT,,,,,,15.44,Growth Est,,,,,,,,MSFT,,,,,,,,,,,
,,,,Industry,,,,,,2.72,Growth Est,,,,,,,,MSFT,,,,,,,,,,,
,,,,Sector,,,,,,14.61,Growth Est,,,,,,,,MSFT,,,,,,,,,,,
,,,,S&P 500,,,,,,19.13,Growth Est,,,,,,,,MSFT,,,,,,,,,,,
,,,,MSFT,,,,,,,Growth Est,,,,,,,,MSFT,,,,,,,,2.28,,,
,,,,Industry,,,,,,,Growth Est,,,,,,,,MSFT,,,,,,,,1.10,,,
,,,,Sector,,,,,,,Growth Est,,,,,,,,MSFT,,,,,,,,1.30,,,
,,,,S&P 500,,,,,,,Growth Est,,,,,,,,MSFT,,,,,,,,3.81,,,
,,,,Current Qtr. Jun 14,,,,,,,Earnings Est,,,,,,,,INTC,0.52,,,,,,,,,,
,,,,Next Qtr. Sep 14,,,,,,,Earnings Est,,,,,,,,INTC,0.56,,,,,,,,,,
,,,,Current Year Dec 14,,,,,,,Earnings Est,,,,,,,,INTC,2.02,,,,,,,,,,
,,,,Next Year Dec 15,,,,,,,Earnings Est,,,,,,,,INTC,2.11,,,,,,,,,,
,,,,Current Qtr. Jun 14,,,,,,,Earnings Est,,,,,,,,INTC,,,,39.00,,,,,,,
,,,,Next Qtr. Sep 14,,,,,,,Earnings Est,,,,,,,,INTC,,,,38.00,,,,,,,
,,,,Current Year Dec 14,,,,,,,Earnings Est,,,,,,,,INTC,,,,43.00,,,,,,,
,,,,Next Year Dec 15,,,,,,,Earnings Est,,,,,,,,INTC,,,,44.00,,,,,,,
,,,,Current Qtr. Jun 14,,,,,0.45,,Earnings Est,,,,,,,,INTC,,,,,,,,,,,
,,,,Next Qtr. Sep 14,,,,,0.49,,Earnings Est,,,,,,,,INTC,,,,,,,,,,,
,,,,Current Year Dec 14,,,,,1.76,,Earnings Est,,,,,,,,INTC,,,,,,,,,,,
,,,,Next Year Dec 15,,,,,1.57,,Earnings Est,,,,,,,,INTC,,,,,,,,,,,
,,,,Current Qtr. Jun 14,,,,,,,Earnings Est,,,,,,,,INTC,,,,,,,,,0.55,,
,,,,Next Qtr. Sep 14,,,,,,,Earnings Est,,,,,,,,INTC,,,,,,,,,0.62,,
,,,,Current Year Dec 14,,,,,,,Earnings Est,,,,,,,,INTC,,,,,,,,,2.21,,
,,,,Next Year Dec 15,,,,,,,Earnings Est,,,,,,,,INTC,,,,,,,,,2.51,,
,0.39,,,Current Qtr. Jun 14,,,,,,,Earnings Est,,,,,,,,INTC,,,,,,,,,,,
,0.58,,,Next Qtr. Sep 14,,,,,,,Earnings Est,,,,,,,,INTC,,,,,,,,,,,
,1.89,,,Current Year Dec 14,,,,,,,Earnings Est,,,,,,,,INTC,,,,,,,,,,,
,2.02,,,Next Year Dec 15,,,,,,,Earnings Est,,,,,,,,INTC,,,,,,,,,,,
,,,,Current Qtr. Jun 14,,,,,,,Revenue Est,,,,,,,,INTC,13.68B,,,,,,,,,,
,,,,Next Qtr. Sep 14,,,,,,,Revenue Est,,,,,,,,INTC,14.02B,,,,,,,,,,
,,,,Current Year Dec 14,,,,,,,Revenue Est,,,,,,,,INTC,54.54B,,,,,,,,,,
,,,,Next Year Dec 15,,,,,,,Revenue Est,,,,,,,,INTC,55.79B,,,,,,,,,,
,,,,Current Qtr. Jun 14,,,,,,,Revenue Est,,,,,,,,INTC,,,,37,,,,,,,
,,,,Next Qtr. Sep 14,,,,,,,Revenue Est,,,,,,,,INTC,,,,36,,,,,,,
,,,,Current Year Dec 14,,,,,,,Revenue Est,,,,,,,,INTC,,,,42,,,,,,,
,,,,Next Year Dec 15,,,,,,,Revenue Est,,,,,,,,INTC,,,,42,,,,,,,
,,,,Current Qtr. Jun 14,,,,,13.00B,,Revenue Est,,,,,,,,INTC,,,,,,,,,,,
,,,,Next Qtr. Sep 14,,,,,13.40B,,Revenue Est,,,,,,,,INTC,,,,,,,,,,,
,,,,Current Year Dec 14,,,,,51.92B,,Revenue Est,,,,,,,,INTC,,,,,,,,,,,
,,,,Next Year Dec 15,,,,,49.44B,,Revenue Est,,,,,,,,INTC,,,,,,,,,,,
,,,,Current Qtr. Jun 14,,,,,,,Revenue Est,,,,,,,,INTC,,,,,,,,,14.00B,,
,,,,Next Qtr. Sep 14,,,,,,,Revenue Est,,,,,,,,INTC,,,,,,,,,14.52B,,
,,,,Current Year Dec 14,,,,,,,Revenue Est,,,,,,,,INTC,,,,,,,,,55.94B,,
,,,,Next Year Dec 15,,,,,,,Revenue Est,,,,,,,,INTC,,,,,,,,,59.05B,,
,,,,Current Qtr. Jun 14,,,,,,,Revenue Est,12.81B,,,,,,,INTC,,,,,,,,,,,
,,,,Next Qtr. Sep 14,,,,,,,Revenue Est,13.48B,,,,,,,INTC,,,,,,,,,,,
,,,,Current Year Dec 14,,,,,,,Revenue Est,52.71B,,,,,,,INTC,,,,,,,,,,,
,,,,Next Year Dec 15,,,,,,,Revenue Est,54.54B,,,,,,,INTC,,,,,,,,,,,
,,,,Current Qtr. Jun 14,,,,,,,Revenue Est,,,,,,6.80%,,INTC,,,,,,,,,,,
,,,,Next Qtr. Sep 14,,,,,,,Revenue Est,,,,,,4.00%,,INTC,,,,,,,,,,,
,,,,Current Year Dec 14,,,,,,,Revenue Est,,,,,,3.50%,,INTC,,,,,,,,,,,
,,,,Next Year Dec 15,,,,,,,Revenue Est,,,,,,2.30%,,INTC,,,,,,,,,,,
,,,,Jun 13,,0.40,,,,,Earnings History,,,,,,,,INTC,,,,,,,,,,,
,,,,Sep 13,,0.53,,,,,Earnings History,,,,,,,,INTC,,,,,,,,,,,
,,,,Dec 13,,0.52,,,,,Earnings History,,,,,,,,INTC,,,,,,,,,,,
,,,,Mar 14,,0.37,,,,,Earnings History,,,,,,,,INTC,,,,,,,,,,,
,,,,Jun 13,0.39,,,,,,Earnings History,,,,,,,,INTC,,,,,,,,,,,
,,,,Sep 13,0.58,,,,,,Earnings History,,,,,,,,INTC,,,,,,,,,,,
,,,,Dec 13,0.51,,,,,,Earnings History,,,,,,,,INTC,,,,,,,,,,,
,,,,Mar 14,0.38,,,,,,Earnings History,,,,,,,,INTC,,,,,,,,,,,
,,,,Jun 13,,,,,,,Earnings History,,,,,-0.01,,,INTC,,,,,,,,,,,
,,,,Sep 13,,,,,,,Earnings History,,,,,0.05,,,INTC,,,,,,,,,,,
,,,,Dec 13,,,,,,,Earnings History,,,,,-0.01,,,INTC,,,,,,,,,,,
,,,,Mar 14,,,,,,,Earnings History,,,,,0.01,,,INTC,,,,,,,,,,,
,,,,Jun 13,,,-2.50%,,,,Earnings History,,,,,,,,INTC,,,,,,,,,,,
,,,,Sep 13,,,9.40%,,,,Earnings History,,,,,,,,INTC,,,,,,,,,,,
,,,,Dec 13,,,-1.90%,,,,Earnings History,,,,,,,,INTC,,,,,,,,,,,
,,,,Mar 14,,,2.70%,,,,Earnings History,,,,,,,,INTC,,,,,,,,,,,
,,,,Current Qtr. Jun 14,,,,,,,EPS Trends,,,,0.52,,,,INTC,,,,,,,,,,,
,,,,Next Qtr. Sep 14,,,,,,,EPS Trends,,,,0.56,,,,INTC,,,,,,,,,,,
,,,,Current Year Dec 14,,,,,,,EPS Trends,,,,2.02,,,,INTC,,,,,,,,,,,
,,,,Next Year Dec 15,,,,,,,EPS Trends,,,,2.11,,,,INTC,,,,,,,,,,,
0.51,,,,Current Qtr. Jun 14,,,,,,,EPS Trends,,,,,,,,INTC,,,,,,,,,,,
0.54,,,,Next Qtr. Sep 14,,,,,,,EPS Trends,,,,,,,,INTC,,,,,,,,,,,
1.99,,,,Current Year Dec 14,,,,,,,EPS Trends,,,,,,,,INTC,,,,,,,,,,,
2.09,,,,Next Year Dec 15,,,,,,,EPS Trends,,,,,,,,INTC,,,,,,,,,,,
,,,,Current Qtr. Jun 14,,,,,,,EPS Trends,,,0.47,,,,,INTC,,,,,,,,,,,
,,,,Next Qtr. Sep 14,,,,,,,EPS Trends,,,0.51,,,,,INTC,,,,,,,,,,,
,,,,Current Year Dec 14,,,,,,,EPS Trends,,,1.89,,,,,INTC,,,,,,,,,,,
,,,,Next Year Dec 15,,,,,,,EPS Trends,,,2.00,,,,,INTC,,,,,,,,,,,
,,,,Current Qtr. Jun 14,,,,,,,EPS Trends,,,,,,,,INTC,,,0.46,,,,,,,,
,,,,Next Qtr. Sep 14,,,,,,,EPS Trends,,,,,,,,INTC,,,0.51,,,,,,,,
,,,,Current Year Dec 14,,,,,,,EPS Trends,,,,,,,,INTC,,,1.89,,,,,,,,
,,,,Next Year Dec 15,,,,,,,EPS Trends,,,,,,,,INTC,,,2.00,,,,,,,,
,,,,Current Qtr. Jun 14,,,,,,,EPS Trends,,,,,,,,INTC,,0.43,,,,,,,,,
,,,,Next Qtr. Sep 14,,,,,,,EPS Trends,,,,,,,,INTC,,0.51,,,,,,,,,
,,,,Current Year Dec 14,,,,,,,EPS Trends,,,,,,,,INTC,,1.85,,,,,,,,,
,,,,Next Year Dec 15,,,,,,,EPS Trends,,,,,,,,INTC,,1.99,,,,,,,,,
,,26,,Current Qtr. Jun 14,,,,,,,EPS Revisions,,,,,,,,INTC,,,,,,,,,,,
,,26,,Next Qtr. Sep 14,,,,,,,EPS Revisions,,,,,,,,INTC,,,,,,,,,,,
,,29,,Current Year Dec 14,,,,,,,EPS Revisions,,,,,,,,INTC,,,,,,,,,,,
,,1,,Next Year Dec 15,,,,,,,EPS Revisions,,,,,,,,INTC,,,,,,,,,,,
,,,,Current Qtr. Jun 14,,,,,,,EPS Revisions,,,,,,,,INTC,,,,,,,37,,,,
,,,,Next Qtr. Sep 14,,,,,,,EPS Revisions,,,,,,,,INTC,,,,,,,35,,,,
,,,,Current Year Dec 14,,,,,,,EPS Revisions,,,,,,,,INTC,,,,,,,40,,,,
,,,,Next Year Dec 15,,,,,,,EPS Revisions,,,,,,,,INTC,,,,,,,35,,,,
,,,0,Current Qtr. Jun 14,,,,,,,EPS Revisions,,,,,,,,INTC,,,,,,,,,,,
,,,0,Next Qtr. Sep 14,,,,,,,EPS Revisions,,,,,,,,INTC,,,,,,,,,,,
,,,0,Current Year Dec 14,,,,,,,EPS Revisions,,,,,,,,INTC,,,,,,,,,,,
,,,0,Next Year Dec 15,,,,,,,EPS Revisions,,,,,,,,INTC,,,,,,,,,,,
,,,,Current Qtr. Jun 14,,,,,,,EPS Revisions,,,,,,,,INTC,,,,,N/A,,,,,,
,,,,Next Qtr. Sep 14,,,,,,,EPS Revisions,,,,,,,,INTC,,,,,N/A,,,,,,
,,,,Current Year Dec 14,,,,,,,EPS Revisions,,,,,,,,INTC,,,,,N/A,,,,,,
,,,,Next Year Dec 15,,,,,,,EPS Revisions,,,,,,,,INTC,,,,,N/A,,,,,,
,,,,INTC,,,,,,,Growth Est,,,,,,,,INTC,,,,,,,,,,33.30%,
,,,,Industry,,,,,,,Growth Est,,,,,,,,INTC,,,,,,,,,,43.60%,
,,,,Sector,,,,,,,Growth Est,,,,,,,,INTC,,,,,,,,,,N/A,
,,,,S&P 500,,,,,,,Growth Est,,,,,,,,INTC,,,,,,,,,,12.30%,
,,,,INTC,,,,,,,Growth Est,,,,,,,,INTC,,,,,,-3.40%,,,,,
,,,,Industry,,,,,,,Growth Est,,,,,,,,INTC,,,,,,53.10%,,,,,
,,,,Sector,,,,,,,Growth Est,,,,,,,,INTC,,,,,,696.40%,,,,,
,,,,S&P 500,,,,,,,Growth Est,,,,,,,,INTC,,,,,,16.70%,,,,,
,,,,INTC,,,,,,,Growth Est,,,,,,,6.90%,INTC,,,,,,,,,,,
,,,,Industry,,,,,,,Growth Est,,,,,,,32.90%,INTC,,,,,,,,,,,
,,,,Sector,,,,,,,Growth Est,,,,,,,15.00%,INTC,,,,,,,,,,,
,,,,S&P 500,,,,,,,Growth Est,,,,,,,7.70%,INTC,,,,,,,,,,,
,,,,INTC,,,,4.50%,,,Growth Est,,,,,,,,INTC,,,,,,,,,,,
,,,,Industry,,,,32.10%,,,Growth Est,,,,,,,,INTC,,,,,,,,,,,
,,,,Sector,,,,25.00%,,,Growth Est,,,,,,,,INTC,,,,,,,,,,,
,,,,S&P 500,,,,12.20%,,,Growth Est,,,,,,,,INTC,,,,,,,,,,,
,,,,INTC,,,,,,,Growth Est,,10.47%,,,,,,INTC,,,,,,,,,,,
,,,,Industry,,,,,,,Growth Est,,N/A,,,,,,INTC,,,,,,,,,,,
,,,,Sector,,,,,,,Growth Est,,N/A,,,,,,INTC,,,,,,,,,,,
,,,,S&P 500,,,,,,,Growth Est,,N/A,,,,,,INTC,,,,,,,,,,,
,,,,INTC,,,,,,,Growth Est,,,,,,,,INTC,,,,,,,,,,,6.80%
,,,,Industry,,,,,,,Growth Est,,,,,,,,INTC,,,,,,,,,,,15.72%
,,,,Sector,,,,,,,Growth Est,,,,,,,,INTC,,,,,,,,,,,17.23%
,,,,S&P 500,,,,,,,Growth Est,,,,,,,,INTC,,,,,,,,,,,9.74%
,,,,INTC,,,,,,14.95,Growth Est,,,,,,,,INTC,,,,,,,,,,,
,,,,Industry,,,,,,21.25,Growth Est,,,,,,,,INTC,,,,,,,,,,,
,,,,Sector,,,,,,14.61,Growth Est,,,,,,,,INTC,,,,,,,,,,,
,,,,S&P 500,,,,,,19.13,Growth Est,,,,,,,,INTC,,,,,,,,,,,
,,,,INTC,,,,,,,Growth Est,,,,,,,,INTC,,,,,,,,2.20,,,
,,,,Industry,,,,,,,Growth Est,,,,,,,,INTC,,,,,,,,1.61,,,
,,,,Sector,,,,,,,Growth Est,,,,,,,,INTC,,,,,,,,1.30,,,
,,,,S&P 500,,,,,,,Growth Est,,,,,,,,INTC,,,,,,,,3.81,,,
